date,seasonal,colour
2018-12-02,6.2611593934911225,gray
2018-12-09,6.989524778106509,gray
2018-12-16,3.9678901627218925,gray
2018-12-23,2.9366401627218908,gray
2018-12-30,7.155390162721889,gray
2019-01-06,8.864524778106507,gray
2019-01-13,3.326063239644971,gray
2019-01-20,4.044813239644971,gray
2019-01-27,3.511159393491128,gray
2019-02-03,3.229909393491126,gray
2019-02-10,1.1986593934911207,gray
2019-02-17,2.422217085798816,gray
2019-02-24,2.1505824704141974,gray
2019-03-03,-0.8878790680473393,gray
2019-03-10,-2.1907636834319524,gray
2019-03-17,-5.209994452662724,gray
2019-03-24,-4.981629068047337,gray
2019-03-31,-4.520090606508876,gray
2019-04-07,-0.8037444526627225,gray
2019-04-14,-2.5898021449704123,gray
2019-04-21,-3.883071375739644,gray
2019-04-28,-3.7003790680473356,gray
2019-05-05,-3.7724944526627207,gray
2019-05-12,-4.099417529585797,gray
2019-05-19,-2.4335521449704105,gray
2019-05-26,-4.791725221893489,gray
2019-06-02,-5.138840606508877,gray
2019-06-09,-3.7196098372781057,gray
2019-06-16,-6.034513683431956,gray
2019-06-23,-5.5922059911242625,gray
2019-06-30,-3.404705991124259,gray
2019-07-07,-4.234032914201182,gray
2019-07-14,-4.553744452662721,gray
2019-07-21,-4.880667529585797,gray
2019-07-28,-5.209994452662719,gray
2019-08-04,-2.034513683431949,gray
2019-08-11,-2.334994452662726,gray
2019-08-18,-2.633071375739646,gray
2019-08-25,-0.4359559911242608,gray
2019-09-01,1.0207747781065075,gray
2019-09-08,-0.024898298816567424,gray
2019-09-15,2.6938517011834326,gray
2019-09-22,0.6505824704142008,gray
2019-09-29,3.347697855029584,gray
2019-10-06,1.8068324704142027,gray
2019-10-13,4.513563239644976,gray
2019-10-20,0.9654863165680511,gray
2019-10-27,2.1650055473372793,gray
2019-11-03,2.128947855029586,gray
2019-11-10,4.114524778106509,gray
2019-11-17,6.335678624260352,gray
2019-11-24,8.294813239644968,gray
2019-12-01,6.2611593934911225,gray
2019-12-08,6.989524778106509,gray
2019-12-15,3.9678901627218925,gray
2019-12-22,2.9366401627218908,gray
2019-12-29,7.155390162721889,gray
2020-01-05,8.864524778106507,gray
2020-01-12,3.326063239644971,gray
2020-01-19,4.044813239644971,gray
2020-01-26,3.511159393491128,gray
2020-02-02,3.229909393491126,gray
2020-02-09,1.1986593934911207,gray
2020-02-16,2.422217085798816,gray
2020-02-23,2.1505824704141974,gray
2020-03-01,-0.8878790680473393,gray
2020-03-08,-2.1907636834319524,gray
2020-03-15,-5.209994452662724,gray
2020-03-22,-4.981629068047337,gray
2020-03-29,-4.520090606508876,gray
2020-04-05,-0.8037444526627225,gray
2020-04-12,-2.5898021449704123,gray
2020-04-19,-3.883071375739644,gray
2020-04-26,-3.7003790680473356,gray
2020-05-03,-3.7724944526627207,gray
2020-05-10,-4.099417529585797,gray
2020-05-17,-2.4335521449704105,gray
2020-05-24,-4.791725221893489,gray
2020-05-31,-5.138840606508877,gray
2020-06-07,-3.7196098372781057,gray
2020-06-14,-6.034513683431956,gray
2020-06-21,-5.5922059911242625,gray
2020-06-28,-3.404705991124259,gray
2020-07-05,-4.234032914201182,gray
2020-07-12,-4.553744452662721,gray
2020-07-19,-4.880667529585797,gray
2020-07-26,-5.209994452662719,gray
2020-08-02,-2.034513683431949,gray
2020-08-09,-2.334994452662726,gray
2020-08-16,-2.633071375739646,gray
2020-08-23,-0.4359559911242608,gray
2020-08-30,1.0207747781065075,gray
2020-09-06,-0.024898298816567424,gray
2020-09-13,2.6938517011834326,gray
2020-09-20,0.6505824704142008,gray
2020-09-27,3.347697855029584,gray
2020-10-04,1.8068324704142027,gray
2020-10-11,4.513563239644976,gray
2020-10-18,0.9654863165680511,gray
2020-10-25,2.1650055473372793,gray
2020-11-01,2.128947855029586,gray
2020-11-08,4.114524778106509,gray
2020-11-15,6.335678624260352,gray
2020-11-22,8.294813239644968,gray
2020-11-29,6.2611593934911225,gray
2020-12-06,6.989524778106509,gray
2020-12-13,3.9678901627218925,gray
2020-12-20,2.9366401627218908,gray
2020-12-27,7.155390162721889,gray
2021-01-03,8.864524778106507,gray
2021-01-10,3.326063239644971,gray
2021-01-17,4.044813239644971,gray
2021-01-24,3.511159393491128,gray
2021-01-31,3.229909393491126,gray
2021-02-07,1.1986593934911207,gray
2021-02-14,2.422217085798816,gray
2021-02-21,2.1505824704141974,gray
2021-02-28,-0.8878790680473393,gray
2021-03-07,-2.1907636834319524,gray
2021-03-14,-5.209994452662724,gray
2021-03-21,-4.981629068047337,gray
2021-03-28,-4.520090606508876,gray
2021-04-04,-0.8037444526627225,gray
2021-04-11,-2.5898021449704123,gray
2021-04-18,-3.883071375739644,gray
2021-04-25,-3.7003790680473356,gray
2021-05-02,-3.7724944526627207,gray
2021-05-09,-4.099417529585797,gray
2021-05-16,-2.4335521449704105,gray
2021-05-23,-4.791725221893489,gray
2021-05-30,-5.138840606508877,gray
2021-06-06,-3.7196098372781057,gray
2021-06-13,-6.034513683431956,gray
2021-06-20,-5.5922059911242625,gray
2021-06-27,-3.404705991124259,gray
2021-07-04,-4.234032914201182,gray
2021-07-11,-4.553744452662721,gray
2021-07-18,-4.880667529585797,gray
2021-07-25,-5.209994452662719,gray
2021-08-01,-2.034513683431949,gray
2021-08-08,-2.334994452662726,gray
2021-08-15,-2.633071375739646,gray
2021-08-22,-0.4359559911242608,gray
2021-08-29,1.0207747781065075,gray
2021-09-05,-0.024898298816567424,gray
2021-09-12,2.6938517011834326,gray
2021-09-19,0.6505824704142008,gray
2021-09-26,3.347697855029584,gray
2021-10-03,1.8068324704142027,gray
2021-10-10,4.513563239644976,gray
2021-10-17,0.9654863165680511,gray
2021-10-24,2.1650055473372793,gray
2021-10-31,2.128947855029586,gray
2021-11-07,4.114524778106509,gray
2021-11-14,6.335678624260352,gray
2021-11-21,8.294813239644968,gray
2021-11-28,6.2611593934911225,gray
2021-12-05,6.989524778106509,gray
2021-12-12,3.9678901627218925,gray
2021-12-19,2.9366401627218908,gray
2021-12-26,7.155390162721889,gray
2022-01-02,8.864524778106507,gray
2022-01-09,3.326063239644971,gray
2022-01-16,4.044813239644971,gray
2022-01-23,3.511159393491128,gray
2022-01-30,3.229909393491126,gray
2022-02-06,1.1986593934911207,gray
2022-02-13,2.422217085798816,gray
2022-02-20,2.1505824704141974,gray
2022-02-27,-0.8878790680473393,gray
2022-03-06,-2.1907636834319524,gray
2022-03-13,-5.209994452662724,gray
2022-03-20,-4.981629068047337,gray
2022-03-27,-4.520090606508876,gray
2022-04-03,-0.8037444526627225,gray
2022-04-10,-2.5898021449704123,gray
2022-04-17,-3.883071375739644,gray
2022-04-24,-3.7003790680473356,gray
2022-05-01,-3.7724944526627207,gray
2022-05-08,-4.099417529585797,gray
2022-05-15,-2.4335521449704105,gray
2022-05-22,-4.791725221893489,gray
2022-05-29,-5.138840606508877,gray
2022-06-05,-3.7196098372781057,gray
2022-06-12,-6.034513683431956,gray
2022-06-19,-5.5922059911242625,gray
2022-06-26,-3.404705991124259,gray
2022-07-03,-4.234032914201182,gray
2022-07-10,-4.553744452662721,gray
2022-07-17,-4.880667529585797,gray
2022-07-24,-5.209994452662719,gray
2022-07-31,-2.034513683431949,gray
2022-08-07,-2.334994452662726,gray
2022-08-14,-2.633071375739646,gray
2022-08-21,-0.4359559911242608,gray
2022-08-28,1.0207747781065075,gray
2022-09-04,-0.024898298816567424,gray
2022-09-11,2.6938517011834326,gray
2022-09-18,0.6505824704142008,gray
2022-09-25,3.347697855029584,gray
2022-10-02,1.8068324704142027,gray
2022-10-09,4.513563239644976,gray
2022-10-16,0.9654863165680511,gray
2022-10-23,2.1650055473372793,gray
2022-10-30,2.128947855029586,gray
2022-11-06,4.114524778106509,gray
2022-11-13,6.335678624260352,gray
2022-11-20,8.294813239644968,gray
2022-11-27,6.2611593934911225,gray
2022-12-04,6.989524778106509,gray
2022-12-11,3.9678901627218925,gray
2022-12-18,2.9366401627218908,gray
2022-12-25,7.155390162721889,gray
2023-01-01,8.864524778106507,gray
2023-01-08,3.326063239644971,gray
2023-01-15,4.044813239644971,gray
2023-01-22,3.511159393491128,gray
2023-01-29,3.229909393491126,gray
2023-02-05,1.1986593934911207,gray
2023-02-12,2.422217085798816,gray
2023-02-19,2.1505824704141974,gray
2023-02-26,-0.8878790680473393,gray
2023-03-05,-2.1907636834319524,gray
2023-03-12,-5.209994452662724,gray
2023-03-19,-4.981629068047337,gray
2023-03-26,-4.520090606508876,gray
2023-04-02,-0.8037444526627225,gray
2023-04-09,-2.5898021449704123,gray
2023-04-16,-3.883071375739644,gray
2023-04-23,-3.7003790680473356,gray
2023-04-30,-3.7724944526627207,gray
2023-05-07,-4.099417529585797,gray
2023-05-14,-2.4335521449704105,gray
2023-05-21,-4.791725221893489,gray
2023-05-28,-5.138840606508877,gray
2023-06-04,-3.7196098372781057,gray
2023-06-11,-6.034513683431956,gray
2023-06-18,-5.5922059911242625,gray
2023-06-25,-3.404705991124259,gray
2023-07-02,-4.234032914201182,gray
2023-07-09,-4.553744452662721,gray
2023-07-16,-4.880667529585797,gray
2023-07-23,-5.209994452662719,gray
2023-07-30,-2.034513683431949,gray
2023-08-06,-2.334994452662726,gray
2023-08-13,-2.633071375739646,gray
2023-08-20,-0.4359559911242608,gray
2023-08-27,1.0207747781065075,gray
2023-09-03,-0.024898298816567424,gray
2023-09-10,2.6938517011834326,gray
2023-09-17,0.6505824704142008,gray
2023-09-24,3.347697855029584,gray
2023-10-01,1.8068324704142027,gray
2023-10-08,4.513563239644976,gray
2023-10-15,0.9654863165680511,gray
2023-10-22,2.1650055473372793,gray
2023-10-29,2.128947855029586,gray
2023-11-05,4.114524778106509,gray
2023-11-12,6.335678624260352,gray
2023-11-19,8.294813239644968,gray
2023-11-26,6.2611593934911225,gray
2018-12-02,-5.5691752958579865,yellow
2018-12-09,-4.15090606508876,yellow
2018-12-16,-5.977829142011833,yellow
2018-12-23,-5.833598372781065,yellow
2018-12-30,1.3106323964497038,yellow
2019-01-06,-2.7710983727810663,yellow
2019-01-13,-4.593213757396457,yellow
2019-01-20,-4.41052144970414,yellow
2019-01-27,-2.730232988165676,yellow
2019-02-03,-1.5451368343195315,yellow
2019-02-10,-1.8672522189349077,yellow
2019-02-17,1.2938054733727804,yellow
2019-02-24,-1.5667714497041394,yellow
2019-03-03,-2.9057137573964424,yellow
2019-03-10,-2.2206176035502927,yellow
2019-03-17,-1.0403291420118346,yellow
2019-03-24,2.0414016272189355,yellow
2019-03-31,-0.38648298816567955,yellow
2019-04-07,3.269767011834315,yellow
2019-04-14,4.197651627218939,yellow
2019-04-21,3.642363165680472,yellow
2019-04-28,2.577459319526629,yellow
2019-05-05,4.76976701183432,yellow
2019-05-12,2.9572670118343223,yellow
2019-05-19,1.8875554733727786,yellow
2019-05-26,4.825055473372785,yellow
2019-06-02,0.9269785502958644,yellow
2019-06-09,2.3635170118343187,yellow
2019-06-16,3.077459319526629,yellow
2019-06-23,6.288997781065088,yellow
2019-06-30,4.493324704142008,yellow
2019-07-07,2.918805473372782,yellow
2019-07-14,4.103901627218935,yellow
2019-07-21,5.036593934911238,yellow
2019-07-28,4.704863165680475,yellow
2019-08-04,5.387555473372776,yellow
2019-08-11,4.579863165680473,yellow
2019-08-18,4.502940088757397,yellow
2019-08-25,2.428420857988167,yellow
2019-09-01,0.3683247041420103,yellow
2019-09-08,-1.6869637573964513,yellow
2019-09-15,-2.482636834319528,yellow
2019-09-22,-2.05955991124261,yellow
2019-09-29,-2.9009060650887615,yellow
2019-10-06,-3.2422522189349112,yellow
2019-10-13,0.6447670118343151,yellow
2019-10-20,-3.461002218934906,yellow
2019-10-27,-4.316771449704142,yellow
2019-11-03,-3.9393676035502945,yellow
2019-11-10,-5.047540680473372,yellow
2019-11-17,-4.400906065088762,yellow
2019-11-24,-3.4922522189349166,yellow
2019-12-01,-5.5691752958579865,yellow
2019-12-08,-4.15090606508876,yellow
2019-12-15,-5.977829142011833,yellow
2019-12-22,-5.833598372781065,yellow
2019-12-29,1.3106323964497038,yellow
2020-01-05,-2.7710983727810663,yellow
2020-01-12,-4.593213757396457,yellow
2020-01-19,-4.41052144970414,yellow
2020-01-26,-2.730232988165676,yellow
2020-02-02,-1.5451368343195315,yellow
2020-02-09,-1.8672522189349077,yellow
2020-02-16,1.2938054733727804,yellow
2020-02-23,-1.5667714497041394,yellow
2020-03-01,-2.9057137573964424,yellow
2020-03-08,-2.2206176035502927,yellow
2020-03-15,-1.0403291420118346,yellow
2020-03-22,2.0414016272189355,yellow
2020-03-29,-0.38648298816567955,yellow
2020-04-05,3.269767011834315,yellow
2020-04-12,4.197651627218939,yellow
2020-04-19,3.642363165680472,yellow
2020-04-26,2.577459319526629,yellow
2020-05-03,4.76976701183432,yellow
2020-05-10,2.9572670118343223,yellow
2020-05-17,1.8875554733727786,yellow
2020-05-24,4.825055473372785,yellow
2020-05-31,0.9269785502958644,yellow
2020-06-07,2.3635170118343187,yellow
2020-06-14,3.077459319526629,yellow
2020-06-21,6.288997781065088,yellow
2020-06-28,4.493324704142008,yellow
2020-07-05,2.918805473372782,yellow
2020-07-12,4.103901627218935,yellow
2020-07-19,5.036593934911238,yellow
2020-07-26,4.704863165680475,yellow
2020-08-02,5.387555473372776,yellow
2020-08-09,4.579863165680473,yellow
2020-08-16,4.502940088757397,yellow
2020-08-23,2.428420857988167,yellow
2020-08-30,0.3683247041420103,yellow
2020-09-06,-1.6869637573964513,yellow
2020-09-13,-2.482636834319528,yellow
2020-09-20,-2.05955991124261,yellow
2020-09-27,-2.9009060650887615,yellow
2020-10-04,-3.2422522189349112,yellow
2020-10-11,0.6447670118343151,yellow
2020-10-18,-3.461002218934906,yellow
2020-10-25,-4.316771449704142,yellow
2020-11-01,-3.9393676035502945,yellow
2020-11-08,-5.047540680473372,yellow
2020-11-15,-4.400906065088762,yellow
2020-11-22,-3.4922522189349166,yellow
2020-11-29,-5.5691752958579865,yellow
2020-12-06,-4.15090606508876,yellow
2020-12-13,-5.977829142011833,yellow
2020-12-20,-5.833598372781065,yellow
2020-12-27,1.3106323964497038,yellow
2021-01-03,-2.7710983727810663,yellow
2021-01-10,-4.593213757396457,yellow
2021-01-17,-4.41052144970414,yellow
2021-01-24,-2.730232988165676,yellow
2021-01-31,-1.5451368343195315,yellow
2021-02-07,-1.8672522189349077,yellow
2021-02-14,1.2938054733727804,yellow
2021-02-21,-1.5667714497041394,yellow
2021-02-28,-2.9057137573964424,yellow
2021-03-07,-2.2206176035502927,yellow
2021-03-14,-1.0403291420118346,yellow
2021-03-21,2.0414016272189355,yellow
2021-03-28,-0.38648298816567955,yellow
2021-04-04,3.269767011834315,yellow
2021-04-11,4.197651627218939,yellow
2021-04-18,3.642363165680472,yellow
2021-04-25,2.577459319526629,yellow
2021-05-02,4.76976701183432,yellow
2021-05-09,2.9572670118343223,yellow
2021-05-16,1.8875554733727786,yellow
2021-05-23,4.825055473372785,yellow
2021-05-30,0.9269785502958644,yellow
2021-06-06,2.3635170118343187,yellow
2021-06-13,3.077459319526629,yellow
2021-06-20,6.288997781065088,yellow
2021-06-27,4.493324704142008,yellow
2021-07-04,2.918805473372782,yellow
2021-07-11,4.103901627218935,yellow
2021-07-18,5.036593934911238,yellow
2021-07-25,4.704863165680475,yellow
2021-08-01,5.387555473372776,yellow
2021-08-08,4.579863165680473,yellow
2021-08-15,4.502940088757397,yellow
2021-08-22,2.428420857988167,yellow
2021-08-29,0.3683247041420103,yellow
2021-09-05,-1.6869637573964513,yellow
2021-09-12,-2.482636834319528,yellow
2021-09-19,-2.05955991124261,yellow
2021-09-26,-2.9009060650887615,yellow
2021-10-03,-3.2422522189349112,yellow
2021-10-10,0.6447670118343151,yellow
2021-10-17,-3.461002218934906,yellow
2021-10-24,-4.316771449704142,yellow
2021-10-31,-3.9393676035502945,yellow
2021-11-07,-5.047540680473372,yellow
2021-11-14,-4.400906065088762,yellow
2021-11-21,-3.4922522189349166,yellow
2021-11-28,-5.5691752958579865,yellow
2021-12-05,-4.15090606508876,yellow
2021-12-12,-5.977829142011833,yellow
2021-12-19,-5.833598372781065,yellow
2021-12-26,1.3106323964497038,yellow
2022-01-02,-2.7710983727810663,yellow
2022-01-09,-4.593213757396457,yellow
2022-01-16,-4.41052144970414,yellow
2022-01-23,-2.730232988165676,yellow
2022-01-30,-1.5451368343195315,yellow
2022-02-06,-1.8672522189349077,yellow
2022-02-13,1.2938054733727804,yellow
2022-02-20,-1.5667714497041394,yellow
2022-02-27,-2.9057137573964424,yellow
2022-03-06,-2.2206176035502927,yellow
2022-03-13,-1.0403291420118346,yellow
2022-03-20,2.0414016272189355,yellow
2022-03-27,-0.38648298816567955,yellow
2022-04-03,3.269767011834315,yellow
2022-04-10,4.197651627218939,yellow
2022-04-17,3.642363165680472,yellow
2022-04-24,2.577459319526629,yellow
2022-05-01,4.76976701183432,yellow
2022-05-08,2.9572670118343223,yellow
2022-05-15,1.8875554733727786,yellow
2022-05-22,4.825055473372785,yellow
2022-05-29,0.9269785502958644,yellow
2022-06-05,2.3635170118343187,yellow
2022-06-12,3.077459319526629,yellow
2022-06-19,6.288997781065088,yellow
2022-06-26,4.493324704142008,yellow
2022-07-03,2.918805473372782,yellow
2022-07-10,4.103901627218935,yellow
2022-07-17,5.036593934911238,yellow
2022-07-24,4.704863165680475,yellow
2022-07-31,5.387555473372776,yellow
2022-08-07,4.579863165680473,yellow
2022-08-14,4.502940088757397,yellow
2022-08-21,2.428420857988167,yellow
2022-08-28,0.3683247041420103,yellow
2022-09-04,-1.6869637573964513,yellow
2022-09-11,-2.482636834319528,yellow
2022-09-18,-2.05955991124261,yellow
2022-09-25,-2.9009060650887615,yellow
2022-10-02,-3.2422522189349112,yellow
2022-10-09,0.6447670118343151,yellow
2022-10-16,-3.461002218934906,yellow
2022-10-23,-4.316771449704142,yellow
2022-10-30,-3.9393676035502945,yellow
2022-11-06,-5.047540680473372,yellow
2022-11-13,-4.400906065088762,yellow
2022-11-20,-3.4922522189349166,yellow
2022-11-27,-5.5691752958579865,yellow
2022-12-04,-4.15090606508876,yellow
2022-12-11,-5.977829142011833,yellow
2022-12-18,-5.833598372781065,yellow
2022-12-25,1.3106323964497038,yellow
2023-01-01,-2.7710983727810663,yellow
2023-01-08,-4.593213757396457,yellow
2023-01-15,-4.41052144970414,yellow
2023-01-22,-2.730232988165676,yellow
2023-01-29,-1.5451368343195315,yellow
2023-02-05,-1.8672522189349077,yellow
2023-02-12,1.2938054733727804,yellow
2023-02-19,-1.5667714497041394,yellow
2023-02-26,-2.9057137573964424,yellow
2023-03-05,-2.2206176035502927,yellow
2023-03-12,-1.0403291420118346,yellow
2023-03-19,2.0414016272189355,yellow
2023-03-26,-0.38648298816567955,yellow
2023-04-02,3.269767011834315,yellow
2023-04-09,4.197651627218939,yellow
2023-04-16,3.642363165680472,yellow
2023-04-23,2.577459319526629,yellow
2023-04-30,4.76976701183432,yellow
2023-05-07,2.9572670118343223,yellow
2023-05-14,1.8875554733727786,yellow
2023-05-21,4.825055473372785,yellow
2023-05-28,0.9269785502958644,yellow
2023-06-04,2.3635170118343187,yellow
2023-06-11,3.077459319526629,yellow
2023-06-18,6.288997781065088,yellow
2023-06-25,4.493324704142008,yellow
2023-07-02,2.918805473372782,yellow
2023-07-09,4.103901627218935,yellow
2023-07-16,5.036593934911238,yellow
2023-07-23,4.704863165680475,yellow
2023-07-30,5.387555473372776,yellow
2023-08-06,4.579863165680473,yellow
2023-08-13,4.502940088757397,yellow
2023-08-20,2.428420857988167,yellow
2023-08-27,0.3683247041420103,yellow
2023-09-03,-1.6869637573964513,yellow
2023-09-10,-2.482636834319528,yellow
2023-09-17,-2.05955991124261,yellow
2023-09-24,-2.9009060650887615,yellow
2023-10-01,-3.2422522189349112,yellow
2023-10-08,0.6447670118343151,yellow
2023-10-15,-3.461002218934906,yellow
2023-10-22,-4.316771449704142,yellow
2023-10-29,-3.9393676035502945,yellow
2023-11-05,-5.047540680473372,yellow
2023-11-12,-4.400906065088762,yellow
2023-11-19,-3.4922522189349166,yellow
2023-11-26,-5.5691752958579865,yellow
2018-12-02,-0.16970229289941186,pink
2018-12-09,1.45529770710059,pink
2018-12-16,-0.6865292159763325,pink
2018-12-23,3.9312592455621362,pink
2018-12-30,10.806259245562128,pink
2019-01-06,4.419240014792898,pink
2019-01-13,-0.9485484467455625,pink
2019-01-20,-4.325952292899409,pink
2019-01-27,-2.7322022928994065,pink
2019-02-03,-0.3860484467455607,pink
2019-02-10,-0.03508690828402505,pink
2019-02-17,2.8327015532544375,pink
2019-02-24,0.7149130917159767,pink
2019-03-03,-0.6552792159763325,pink
2019-03-10,-2.5302792159763334,pink
2019-03-17,-5.645663831360951,pink
2019-03-24,-5.75383690828402,pink
2019-03-31,-1.1168176775147933,pink
2019-04-07,1.2702015532544375,pink
2019-04-14,-1.8235484467455634,pink
2019-04-21,2.0875092455621336,pink
2019-04-28,3.7317400147928983,pink
2019-05-05,1.14279770710059,pink
2019-05-12,1.0538553994082833,pink
2019-05-19,-0.5471061390532515,pink
2019-05-26,-1.3836446005917113,pink
2019-06-02,0.37597078402367123,pink
2019-06-09,-1.02547152366864,pink
2019-06-16,-3.4485484467455634,pink
2019-06-23,-2.3547984467455634,pink
2019-06-30,-2.0471061390532532,pink
2019-07-07,-0.28027921597633165,pink
2019-07-14,0.2677977071005935,pink
2019-07-21,0.847124630177515,pink
2019-07-28,0.4240477071005935,pink
2019-08-04,4.250970784023673,pink
2019-08-11,2.3230861686390534,pink
2019-08-18,1.123566937869818,pink
2019-08-25,1.6716438609467468,pink
2019-09-01,0.4937592455621318,pink
2019-09-08,-0.9148946005917131,pink
2019-09-15,-3.5783561390532532,pink
2019-09-22,-0.4797984467455598,pink
2019-09-29,-0.6240292159763299,pink
2019-10-06,-0.5326830621301801,pink
2019-10-13,4.308663091715976,pink
2019-10-20,5.645201553254436,pink
2019-10-27,-5.532683062130175,pink
2019-11-03,-2.1721061390532603,pink
2019-11-10,-2.770663831360951,pink
2019-11-17,-1.3908561390532568,pink
2019-11-24,0.714913091715975,pink
2019-12-01,-0.16970229289941186,pink
2019-12-08,1.45529770710059,pink
2019-12-15,-0.6865292159763325,pink
2019-12-22,3.9312592455621362,pink
2019-12-29,10.806259245562128,pink
2020-01-05,4.419240014792898,pink
2020-01-12,-0.9485484467455625,pink
2020-01-19,-4.325952292899409,pink
2020-01-26,-2.7322022928994065,pink
2020-02-02,-0.3860484467455607,pink
2020-02-09,-0.03508690828402505,pink
2020-02-16,2.8327015532544375,pink
2020-02-23,0.7149130917159767,pink
2020-03-01,-0.6552792159763325,pink
2020-03-08,-2.5302792159763334,pink
2020-03-15,-5.645663831360951,pink
2020-03-22,-5.75383690828402,pink
2020-03-29,-1.1168176775147933,pink
2020-04-05,1.2702015532544375,pink
2020-04-12,-1.8235484467455634,pink
2020-04-19,2.0875092455621336,pink
2020-04-26,3.7317400147928983,pink
2020-05-03,1.14279770710059,pink
2020-05-10,1.0538553994082833,pink
2020-05-17,-0.5471061390532515,pink
2020-05-24,-1.3836446005917113,pink
2020-05-31,0.37597078402367123,pink
2020-06-07,-1.02547152366864,pink
2020-06-14,-3.4485484467455634,pink
2020-06-21,-2.3547984467455634,pink
2020-06-28,-2.0471061390532532,pink
2020-07-05,-0.28027921597633165,pink
2020-07-12,0.2677977071005935,pink
2020-07-19,0.847124630177515,pink
2020-07-26,0.4240477071005935,pink
2020-08-02,4.250970784023673,pink
2020-08-09,2.3230861686390534,pink
2020-08-16,1.123566937869818,pink
2020-08-23,1.6716438609467468,pink
2020-08-30,0.4937592455621318,pink
2020-09-06,-0.9148946005917131,pink
2020-09-13,-3.5783561390532532,pink
2020-09-20,-0.4797984467455598,pink
2020-09-27,-0.6240292159763299,pink
2020-10-04,-0.5326830621301801,pink
2020-10-11,4.308663091715976,pink
2020-10-18,5.645201553254436,pink
2020-10-25,-5.532683062130175,pink
2020-11-01,-2.1721061390532603,pink
2020-11-08,-2.770663831360951,pink
2020-11-15,-1.3908561390532568,pink
2020-11-22,0.714913091715975,pink
2020-11-29,-0.16970229289941186,pink
2020-12-06,1.45529770710059,pink
2020-12-13,-0.6865292159763325,pink
2020-12-20,3.9312592455621362,pink
2020-12-27,10.806259245562128,pink
2021-01-03,4.419240014792898,pink
2021-01-10,-0.9485484467455625,pink
2021-01-17,-4.325952292899409,pink
2021-01-24,-2.7322022928994065,pink
2021-01-31,-0.3860484467455607,pink
2021-02-07,-0.03508690828402505,pink
2021-02-14,2.8327015532544375,pink
2021-02-21,0.7149130917159767,pink
2021-02-28,-0.6552792159763325,pink
2021-03-07,-2.5302792159763334,pink
2021-03-14,-5.645663831360951,pink
2021-03-21,-5.75383690828402,pink
2021-03-28,-1.1168176775147933,pink
2021-04-04,1.2702015532544375,pink
2021-04-11,-1.8235484467455634,pink
2021-04-18,2.0875092455621336,pink
2021-04-25,3.7317400147928983,pink
2021-05-02,1.14279770710059,pink
2021-05-09,1.0538553994082833,pink
2021-05-16,-0.5471061390532515,pink
2021-05-23,-1.3836446005917113,pink
2021-05-30,0.37597078402367123,pink
2021-06-06,-1.02547152366864,pink
2021-06-13,-3.4485484467455634,pink
2021-06-20,-2.3547984467455634,pink
2021-06-27,-2.0471061390532532,pink
2021-07-04,-0.28027921597633165,pink
2021-07-11,0.2677977071005935,pink
2021-07-18,0.847124630177515,pink
2021-07-25,0.4240477071005935,pink
2021-08-01,4.250970784023673,pink
2021-08-08,2.3230861686390534,pink
2021-08-15,1.123566937869818,pink
2021-08-22,1.6716438609467468,pink
2021-08-29,0.4937592455621318,pink
2021-09-05,-0.9148946005917131,pink
2021-09-12,-3.5783561390532532,pink
2021-09-19,-0.4797984467455598,pink
2021-09-26,-0.6240292159763299,pink
2021-10-03,-0.5326830621301801,pink
2021-10-10,4.308663091715976,pink
2021-10-17,5.645201553254436,pink
2021-10-24,-5.532683062130175,pink
2021-10-31,-2.1721061390532603,pink
2021-11-07,-2.770663831360951,pink
2021-11-14,-1.3908561390532568,pink
2021-11-21,0.714913091715975,pink
2021-11-28,-0.16970229289941186,pink
2021-12-05,1.45529770710059,pink
2021-12-12,-0.6865292159763325,pink
2021-12-19,3.9312592455621362,pink
2021-12-26,10.806259245562128,pink
2022-01-02,4.419240014792898,pink
2022-01-09,-0.9485484467455625,pink
2022-01-16,-4.325952292899409,pink
2022-01-23,-2.7322022928994065,pink
2022-01-30,-0.3860484467455607,pink
2022-02-06,-0.03508690828402505,pink
2022-02-13,2.8327015532544375,pink
2022-02-20,0.7149130917159767,pink
2022-02-27,-0.6552792159763325,pink
2022-03-06,-2.5302792159763334,pink
2022-03-13,-5.645663831360951,pink
2022-03-20,-5.75383690828402,pink
2022-03-27,-1.1168176775147933,pink
2022-04-03,1.2702015532544375,pink
2022-04-10,-1.8235484467455634,pink
2022-04-17,2.0875092455621336,pink
2022-04-24,3.7317400147928983,pink
2022-05-01,1.14279770710059,pink
2022-05-08,1.0538553994082833,pink
2022-05-15,-0.5471061390532515,pink
2022-05-22,-1.3836446005917113,pink
2022-05-29,0.37597078402367123,pink
2022-06-05,-1.02547152366864,pink
2022-06-12,-3.4485484467455634,pink
2022-06-19,-2.3547984467455634,pink
2022-06-26,-2.0471061390532532,pink
2022-07-03,-0.28027921597633165,pink
2022-07-10,0.2677977071005935,pink
2022-07-17,0.847124630177515,pink
2022-07-24,0.4240477071005935,pink
2022-07-31,4.250970784023673,pink
2022-08-07,2.3230861686390534,pink
2022-08-14,1.123566937869818,pink
2022-08-21,1.6716438609467468,pink
2022-08-28,0.4937592455621318,pink
2022-09-04,-0.9148946005917131,pink
2022-09-11,-3.5783561390532532,pink
2022-09-18,-0.4797984467455598,pink
2022-09-25,-0.6240292159763299,pink
2022-10-02,-0.5326830621301801,pink
2022-10-09,4.308663091715976,pink
2022-10-16,5.645201553254436,pink
2022-10-23,-5.532683062130175,pink
2022-10-30,-2.1721061390532603,pink
2022-11-06,-2.770663831360951,pink
2022-11-13,-1.3908561390532568,pink
2022-11-20,0.714913091715975,pink
2022-11-27,-0.16970229289941186,pink
2022-12-04,1.45529770710059,pink
2022-12-11,-0.6865292159763325,pink
2022-12-18,3.9312592455621362,pink
2022-12-25,10.806259245562128,pink
2023-01-01,4.419240014792898,pink
2023-01-08,-0.9485484467455625,pink
2023-01-15,-4.325952292899409,pink
2023-01-22,-2.7322022928994065,pink
2023-01-29,-0.3860484467455607,pink
2023-02-05,-0.03508690828402505,pink
2023-02-12,2.8327015532544375,pink
2023-02-19,0.7149130917159767,pink
2023-02-26,-0.6552792159763325,pink
2023-03-05,-2.5302792159763334,pink
2023-03-12,-5.645663831360951,pink
2023-03-19,-5.75383690828402,pink
2023-03-26,-1.1168176775147933,pink
2023-04-02,1.2702015532544375,pink
2023-04-09,-1.8235484467455634,pink
2023-04-16,2.0875092455621336,pink
2023-04-23,3.7317400147928983,pink
2023-04-30,1.14279770710059,pink
2023-05-07,1.0538553994082833,pink
2023-05-14,-0.5471061390532515,pink
2023-05-21,-1.3836446005917113,pink
2023-05-28,0.37597078402367123,pink
2023-06-04,-1.02547152366864,pink
2023-06-11,-3.4485484467455634,pink
2023-06-18,-2.3547984467455634,pink
2023-06-25,-2.0471061390532532,pink
2023-07-02,-0.28027921597633165,pink
2023-07-09,0.2677977071005935,pink
2023-07-16,0.847124630177515,pink
2023-07-23,0.4240477071005935,pink
2023-07-30,4.250970784023673,pink
2023-08-06,2.3230861686390534,pink
2023-08-13,1.123566937869818,pink
2023-08-20,1.6716438609467468,pink
2023-08-27,0.4937592455621318,pink
2023-09-03,-0.9148946005917131,pink
2023-09-10,-3.5783561390532532,pink
2023-09-17,-0.4797984467455598,pink
2023-09-24,-0.6240292159763299,pink
2023-10-01,-0.5326830621301801,pink
2023-10-08,4.308663091715976,pink
2023-10-15,5.645201553254436,pink
2023-10-22,-5.532683062130175,pink
2023-10-29,-2.1721061390532603,pink
2023-11-05,-2.770663831360951,pink
2023-11-12,-1.3908561390532568,pink
2023-11-19,0.714913091715975,pink
2023-11-26,-0.16970229289941186,pink
2018-12-02,4.068306213017751,brown
2018-12-09,4.546671597633136,brown
2018-12-16,3.772633136094674,brown
2018-12-23,3.00099852071006,brown
2018-12-30,4.224556213017752,brown
2019-01-06,5.443306213017751,brown
2019-01-13,3.9168639053254406,brown
2019-01-20,1.642825443786981,brown
2019-01-27,1.8687869822485201,brown
2019-02-03,1.5923446745562135,brown
2019-02-10,1.0634985207100602,brown
2019-02-17,1.0346523668639087,brown
2019-02-24,1.0082100591715986,brown
2019-03-03,-0.7706360946745574,brown
2019-03-10,-2.5566937869822475,brown
2019-03-17,-2.587943786982251,brown
2019-03-24,-2.111982248520711,brown
2019-03-31,-1.3860207100591733,brown
2019-04-07,-1.160059171597635,brown
2019-04-14,0.3110946745562117,brown
2019-04-21,-1.722559171597634,brown
2019-04-28,-1.7586168639053257,brown
2019-05-05,-1.7946745562130173,brown
2019-05-12,-1.5831360946745547,brown
2019-05-19,-2.124001479289938,brown
2019-05-26,-1.9124630177514772,brown
2019-06-02,-1.8634245562130163,brown
2019-06-09,-1.8812130177514799,brown
2019-06-16,-2.9172707100591717,brown
2019-06-23,-2.696116863905324,brown
2019-06-30,-2.72977071005917,brown
2019-07-07,-3.0230399408284,brown
2019-07-14,-2.8211168639053232,brown
2019-07-21,-3.1191937869822475,brown
2019-07-28,-1.1576553254437874,brown
2019-08-04,-2.946116863905325,brown
2019-08-11,-1.7321745562130173,brown
2019-08-18,-1.2610207100591733,brown
2019-08-25,-1.0518860946745574,brown
2019-09-01,-1.3475591715976332,brown
2019-09-08,-1.8764053254437874,brown
2019-09-15,-1.8980399408284006,brown
2019-09-22,-0.9196745562130191,brown
2019-09-29,-0.44611686390532573,brown
2019-10-06,0.7750369822485184,brown
2019-10-13,1.7413831360946725,brown
2019-10-20,1.4601331360946743,brown
2019-10-27,1.4336908284023677,brown
2019-11-03,2.409652366863905,brown
2019-11-10,3.38801775147929,brown
2019-11-17,3.3639792899408265,brown
2019-11-24,5.089940828402366,brown
2019-12-01,4.068306213017751,brown
2019-12-08,4.546671597633136,brown
2019-12-15,3.772633136094674,brown
2019-12-22,3.00099852071006,brown
2019-12-29,4.224556213017752,brown
2020-01-05,5.443306213017751,brown
2020-01-12,3.9168639053254406,brown
2020-01-19,1.642825443786981,brown
2020-01-26,1.8687869822485201,brown
2020-02-02,1.5923446745562135,brown
2020-02-09,1.0634985207100602,brown
2020-02-16,1.0346523668639087,brown
2020-02-23,1.0082100591715986,brown
2020-03-01,-0.7706360946745574,brown
2020-03-08,-2.5566937869822475,brown
2020-03-15,-2.587943786982251,brown
2020-03-22,-2.111982248520711,brown
2020-03-29,-1.3860207100591733,brown
2020-04-05,-1.160059171597635,brown
2020-04-12,0.3110946745562117,brown
2020-04-19,-1.722559171597634,brown
2020-04-26,-1.7586168639053257,brown
2020-05-03,-1.7946745562130173,brown
2020-05-10,-1.5831360946745547,brown
2020-05-17,-2.124001479289938,brown
2020-05-24,-1.9124630177514772,brown
2020-05-31,-1.8634245562130163,brown
2020-06-07,-1.8812130177514799,brown
2020-06-14,-2.9172707100591717,brown
2020-06-21,-2.696116863905324,brown
2020-06-28,-2.72977071005917,brown
2020-07-05,-3.0230399408284,brown
2020-07-12,-2.8211168639053232,brown
2020-07-19,-3.1191937869822475,brown
2020-07-26,-1.1576553254437874,brown
2020-08-02,-2.946116863905325,brown
2020-08-09,-1.7321745562130173,brown
2020-08-16,-1.2610207100591733,brown
2020-08-23,-1.0518860946745574,brown
2020-08-30,-1.3475591715976332,brown
2020-09-06,-1.8764053254437874,brown
2020-09-13,-1.8980399408284006,brown
2020-09-20,-0.9196745562130191,brown
2020-09-27,-0.44611686390532573,brown
2020-10-04,0.7750369822485184,brown
2020-10-11,1.7413831360946725,brown
2020-10-18,1.4601331360946743,brown
2020-10-25,1.4336908284023677,brown
2020-11-01,2.409652366863905,brown
2020-11-08,3.38801775147929,brown
2020-11-15,3.3639792899408265,brown
2020-11-22,5.089940828402366,brown
2020-11-29,4.068306213017751,brown
2020-12-06,4.546671597633136,brown
2020-12-13,3.772633136094674,brown
2020-12-20,3.00099852071006,brown
2020-12-27,4.224556213017752,brown
2021-01-03,5.443306213017751,brown
2021-01-10,3.9168639053254406,brown
2021-01-17,1.642825443786981,brown
2021-01-24,1.8687869822485201,brown
2021-01-31,1.5923446745562135,brown
2021-02-07,1.0634985207100602,brown
2021-02-14,1.0346523668639087,brown
2021-02-21,1.0082100591715986,brown
2021-02-28,-0.7706360946745574,brown
2021-03-07,-2.5566937869822475,brown
2021-03-14,-2.587943786982251,brown
2021-03-21,-2.111982248520711,brown
2021-03-28,-1.3860207100591733,brown
2021-04-04,-1.160059171597635,brown
2021-04-11,0.3110946745562117,brown
2021-04-18,-1.722559171597634,brown
2021-04-25,-1.7586168639053257,brown
2021-05-02,-1.7946745562130173,brown
2021-05-09,-1.5831360946745547,brown
2021-05-16,-2.124001479289938,brown
2021-05-23,-1.9124630177514772,brown
2021-05-30,-1.8634245562130163,brown
2021-06-06,-1.8812130177514799,brown
2021-06-13,-2.9172707100591717,brown
2021-06-20,-2.696116863905324,brown
2021-06-27,-2.72977071005917,brown
2021-07-04,-3.0230399408284,brown
2021-07-11,-2.8211168639053232,brown
2021-07-18,-3.1191937869822475,brown
2021-07-25,-1.1576553254437874,brown
2021-08-01,-2.946116863905325,brown
2021-08-08,-1.7321745562130173,brown
2021-08-15,-1.2610207100591733,brown
2021-08-22,-1.0518860946745574,brown
2021-08-29,-1.3475591715976332,brown
2021-09-05,-1.8764053254437874,brown
2021-09-12,-1.8980399408284006,brown
2021-09-19,-0.9196745562130191,brown
2021-09-26,-0.44611686390532573,brown
2021-10-03,0.7750369822485184,brown
2021-10-10,1.7413831360946725,brown
2021-10-17,1.4601331360946743,brown
2021-10-24,1.4336908284023677,brown
2021-10-31,2.409652366863905,brown
2021-11-07,3.38801775147929,brown
2021-11-14,3.3639792899408265,brown
2021-11-21,5.089940828402366,brown
2021-11-28,4.068306213017751,brown
2021-12-05,4.546671597633136,brown
2021-12-12,3.772633136094674,brown
2021-12-19,3.00099852071006,brown
2021-12-26,4.224556213017752,brown
2022-01-02,5.443306213017751,brown
2022-01-09,3.9168639053254406,brown
2022-01-16,1.642825443786981,brown
2022-01-23,1.8687869822485201,brown
2022-01-30,1.5923446745562135,brown
2022-02-06,1.0634985207100602,brown
2022-02-13,1.0346523668639087,brown
2022-02-20,1.0082100591715986,brown
2022-02-27,-0.7706360946745574,brown
2022-03-06,-2.5566937869822475,brown
2022-03-13,-2.587943786982251,brown
2022-03-20,-2.111982248520711,brown
2022-03-27,-1.3860207100591733,brown
2022-04-03,-1.160059171597635,brown
2022-04-10,0.3110946745562117,brown
2022-04-17,-1.722559171597634,brown
2022-04-24,-1.7586168639053257,brown
2022-05-01,-1.7946745562130173,brown
2022-05-08,-1.5831360946745547,brown
2022-05-15,-2.124001479289938,brown
2022-05-22,-1.9124630177514772,brown
2022-05-29,-1.8634245562130163,brown
2022-06-05,-1.8812130177514799,brown
2022-06-12,-2.9172707100591717,brown
2022-06-19,-2.696116863905324,brown
2022-06-26,-2.72977071005917,brown
2022-07-03,-3.0230399408284,brown
2022-07-10,-2.8211168639053232,brown
2022-07-17,-3.1191937869822475,brown
2022-07-24,-1.1576553254437874,brown
2022-07-31,-2.946116863905325,brown
2022-08-07,-1.7321745562130173,brown
2022-08-14,-1.2610207100591733,brown
2022-08-21,-1.0518860946745574,brown
2022-08-28,-1.3475591715976332,brown
2022-09-04,-1.8764053254437874,brown
2022-09-11,-1.8980399408284006,brown
2022-09-18,-0.9196745562130191,brown
2022-09-25,-0.44611686390532573,brown
2022-10-02,0.7750369822485184,brown
2022-10-09,1.7413831360946725,brown
2022-10-16,1.4601331360946743,brown
2022-10-23,1.4336908284023677,brown
2022-10-30,2.409652366863905,brown
2022-11-06,3.38801775147929,brown
2022-11-13,3.3639792899408265,brown
2022-11-20,5.089940828402366,brown
2022-11-27,4.068306213017751,brown
2022-12-04,4.546671597633136,brown
2022-12-11,3.772633136094674,brown
2022-12-18,3.00099852071006,brown
2022-12-25,4.224556213017752,brown
2023-01-01,5.443306213017751,brown
2023-01-08,3.9168639053254406,brown
2023-01-15,1.642825443786981,brown
2023-01-22,1.8687869822485201,brown
2023-01-29,1.5923446745562135,brown
2023-02-05,1.0634985207100602,brown
2023-02-12,1.0346523668639087,brown
2023-02-19,1.0082100591715986,brown
2023-02-26,-0.7706360946745574,brown
2023-03-05,-2.5566937869822475,brown
2023-03-12,-2.587943786982251,brown
2023-03-19,-2.111982248520711,brown
2023-03-26,-1.3860207100591733,brown
2023-04-02,-1.160059171597635,brown
2023-04-09,0.3110946745562117,brown
2023-04-16,-1.722559171597634,brown
2023-04-23,-1.7586168639053257,brown
2023-04-30,-1.7946745562130173,brown
2023-05-07,-1.5831360946745547,brown
2023-05-14,-2.124001479289938,brown
2023-05-21,-1.9124630177514772,brown
2023-05-28,-1.8634245562130163,brown
2023-06-04,-1.8812130177514799,brown
2023-06-11,-2.9172707100591717,brown
2023-06-18,-2.696116863905324,brown
2023-06-25,-2.72977071005917,brown
2023-07-02,-3.0230399408284,brown
2023-07-09,-2.8211168639053232,brown
2023-07-16,-3.1191937869822475,brown
2023-07-23,-1.1576553254437874,brown
2023-07-30,-2.946116863905325,brown
2023-08-06,-1.7321745562130173,brown
2023-08-13,-1.2610207100591733,brown
2023-08-20,-1.0518860946745574,brown
2023-08-27,-1.3475591715976332,brown
2023-09-03,-1.8764053254437874,brown
2023-09-10,-1.8980399408284006,brown
2023-09-17,-0.9196745562130191,brown
2023-09-24,-0.44611686390532573,brown
2023-10-01,0.7750369822485184,brown
2023-10-08,1.7413831360946725,brown
2023-10-15,1.4601331360946743,brown
2023-10-22,1.4336908284023677,brown
2023-10-29,2.409652366863905,brown
2023-11-05,3.38801775147929,brown
2023-11-12,3.3639792899408265,brown
2023-11-19,5.089940828402366,brown
2023-11-26,4.068306213017751,brown
2018-12-02,-0.574260355029585,purple
2018-12-09,-0.5406065088757391,purple
2018-12-16,-0.0045488165680471065,purple
2018-12-23,0.03391272189349122,purple
2018-12-30,0.5699704142011838,purple
2019-01-06,0.10362426035502954,purple
2019-01-13,-0.11272189349112376,purple
2019-01-20,-0.07666420118343169,purple
2019-01-27,0.9617973372781076,purple
2019-02-03,0.500258875739645,purple
2019-02-10,1.788720414201183,purple
2019-02-17,1.327181952662722,purple
2019-02-24,1.6156434911242603,purple
2019-03-03,3.1541050295857977,purple
2019-03-10,3.4401627218934903,purple
2019-03-17,-1.0237795857988168,purple
2019-03-24,-0.985318047337278,purple
2019-03-31,0.5531434911242612,purple
2019-04-07,0.34160502958579947,purple
2019-04-14,0.8800665680473371,purple
2019-04-21,-0.08147189349112353,purple
2019-04-28,-0.040606508875739175,purple
2019-05-05,-0.24974112426035483,purple
2019-05-12,-0.7088757396449704,purple
2019-05-19,-0.4132026627218934,purple
2019-05-26,-0.6127218934911252,purple
2019-06-02,-0.4458949704142014,purple
2019-06-09,-0.3386834319526634,purple
2019-06-16,-0.32906804733727796,purple
2019-06-23,-0.07185650887573962,purple
2019-06-30,-0.3170488165680471,purple
2019-07-07,-0.3122411242603555,purple
2019-07-14,-0.5526257396449704,purple
2019-07-21,-0.5478180473372781,purple
2019-07-28,-0.29781804733727774,purple
2019-08-04,-0.7978180473372779,purple
2019-08-11,-0.5478180473372772,purple
2019-08-18,-0.5478180473372777,purple
2019-08-25,-0.29541420118343215,purple
2019-09-01,-0.7761834319526638,purple
2019-09-08,-0.4997411242603555,purple
2019-09-15,-0.7208949704142026,purple
2019-09-22,-0.43483727810650924,purple
2019-09-29,-0.6487795857988164,purple
2019-10-06,-1.1127218934911247,purple
2019-10-13,0.42333579881656785,purple
2019-10-20,-1.2882026627218939,purple
2019-10-27,-0.24974112426035572,purple
2019-11-03,-0.7112795857988167,purple
2019-11-10,-0.17522189349112377,purple
2019-11-17,0.10843195266272161,purple
2019-11-24,1.6420857988165685,purple
2019-12-01,-0.574260355029585,purple
2019-12-08,-0.5406065088757391,purple
2019-12-15,-0.0045488165680471065,purple
2019-12-22,0.03391272189349122,purple
2019-12-29,0.5699704142011838,purple
2020-01-05,0.10362426035502954,purple
2020-01-12,-0.11272189349112376,purple
2020-01-19,-0.07666420118343169,purple
2020-01-26,0.9617973372781076,purple
2020-02-02,0.500258875739645,purple
2020-02-09,1.788720414201183,purple
2020-02-16,1.327181952662722,purple
2020-02-23,1.6156434911242603,purple
2020-03-01,3.1541050295857977,purple
2020-03-08,3.4401627218934903,purple
2020-03-15,-1.0237795857988168,purple
2020-03-22,-0.985318047337278,purple
2020-03-29,0.5531434911242612,purple
2020-04-05,0.34160502958579947,purple
2020-04-12,0.8800665680473371,purple
2020-04-19,-0.08147189349112353,purple
2020-04-26,-0.040606508875739175,purple
2020-05-03,-0.24974112426035483,purple
2020-05-10,-0.7088757396449704,purple
2020-05-17,-0.4132026627218934,purple
2020-05-24,-0.6127218934911252,purple
2020-05-31,-0.4458949704142014,purple
2020-06-07,-0.3386834319526634,purple
2020-06-14,-0.32906804733727796,purple
2020-06-21,-0.07185650887573962,purple
2020-06-28,-0.3170488165680471,purple
2020-07-05,-0.3122411242603555,purple
2020-07-12,-0.5526257396449704,purple
2020-07-19,-0.5478180473372781,purple
2020-07-26,-0.29781804733727774,purple
2020-08-02,-0.7978180473372779,purple
2020-08-09,-0.5478180473372772,purple
2020-08-16,-0.5478180473372777,purple
2020-08-23,-0.29541420118343215,purple
2020-08-30,-0.7761834319526638,purple
2020-09-06,-0.4997411242603555,purple
2020-09-13,-0.7208949704142026,purple
2020-09-20,-0.43483727810650924,purple
2020-09-27,-0.6487795857988164,purple
2020-10-04,-1.1127218934911247,purple
2020-10-11,0.42333579881656785,purple
2020-10-18,-1.2882026627218939,purple
2020-10-25,-0.24974112426035572,purple
2020-11-01,-0.7112795857988167,purple
2020-11-08,-0.17522189349112377,purple
2020-11-15,0.10843195266272161,purple
2020-11-22,1.6420857988165685,purple
2020-11-29,-0.574260355029585,purple
2020-12-06,-0.5406065088757391,purple
2020-12-13,-0.0045488165680471065,purple
2020-12-20,0.03391272189349122,purple
2020-12-27,0.5699704142011838,purple
2021-01-03,0.10362426035502954,purple
2021-01-10,-0.11272189349112376,purple
2021-01-17,-0.07666420118343169,purple
2021-01-24,0.9617973372781076,purple
2021-01-31,0.500258875739645,purple
2021-02-07,1.788720414201183,purple
2021-02-14,1.327181952662722,purple
2021-02-21,1.6156434911242603,purple
2021-02-28,3.1541050295857977,purple
2021-03-07,3.4401627218934903,purple
2021-03-14,-1.0237795857988168,purple
2021-03-21,-0.985318047337278,purple
2021-03-28,0.5531434911242612,purple
2021-04-04,0.34160502958579947,purple
2021-04-11,0.8800665680473371,purple
2021-04-18,-0.08147189349112353,purple
2021-04-25,-0.040606508875739175,purple
2021-05-02,-0.24974112426035483,purple
2021-05-09,-0.7088757396449704,purple
2021-05-16,-0.4132026627218934,purple
2021-05-23,-0.6127218934911252,purple
2021-05-30,-0.4458949704142014,purple
2021-06-06,-0.3386834319526634,purple
2021-06-13,-0.32906804733727796,purple
2021-06-20,-0.07185650887573962,purple
2021-06-27,-0.3170488165680471,purple
2021-07-04,-0.3122411242603555,purple
2021-07-11,-0.5526257396449704,purple
2021-07-18,-0.5478180473372781,purple
2021-07-25,-0.29781804733727774,purple
2021-08-01,-0.7978180473372779,purple
2021-08-08,-0.5478180473372772,purple
2021-08-15,-0.5478180473372777,purple
2021-08-22,-0.29541420118343215,purple
2021-08-29,-0.7761834319526638,purple
2021-09-05,-0.4997411242603555,purple
2021-09-12,-0.7208949704142026,purple
2021-09-19,-0.43483727810650924,purple
2021-09-26,-0.6487795857988164,purple
2021-10-03,-1.1127218934911247,purple
2021-10-10,0.42333579881656785,purple
2021-10-17,-1.2882026627218939,purple
2021-10-24,-0.24974112426035572,purple
2021-10-31,-0.7112795857988167,purple
2021-11-07,-0.17522189349112377,purple
2021-11-14,0.10843195266272161,purple
2021-11-21,1.6420857988165685,purple
2021-11-28,-0.574260355029585,purple
2021-12-05,-0.5406065088757391,purple
2021-12-12,-0.0045488165680471065,purple
2021-12-19,0.03391272189349122,purple
2021-12-26,0.5699704142011838,purple
2022-01-02,0.10362426035502954,purple
2022-01-09,-0.11272189349112376,purple
2022-01-16,-0.07666420118343169,purple
2022-01-23,0.9617973372781076,purple
2022-01-30,0.500258875739645,purple
2022-02-06,1.788720414201183,purple
2022-02-13,1.327181952662722,purple
2022-02-20,1.6156434911242603,purple
2022-02-27,3.1541050295857977,purple
2022-03-06,3.4401627218934903,purple
2022-03-13,-1.0237795857988168,purple
2022-03-20,-0.985318047337278,purple
2022-03-27,0.5531434911242612,purple
2022-04-03,0.34160502958579947,purple
2022-04-10,0.8800665680473371,purple
2022-04-17,-0.08147189349112353,purple
2022-04-24,-0.040606508875739175,purple
2022-05-01,-0.24974112426035483,purple
2022-05-08,-0.7088757396449704,purple
2022-05-15,-0.4132026627218934,purple
2022-05-22,-0.6127218934911252,purple
2022-05-29,-0.4458949704142014,purple
2022-06-05,-0.3386834319526634,purple
2022-06-12,-0.32906804733727796,purple
2022-06-19,-0.07185650887573962,purple
2022-06-26,-0.3170488165680471,purple
2022-07-03,-0.3122411242603555,purple
2022-07-10,-0.5526257396449704,purple
2022-07-17,-0.5478180473372781,purple
2022-07-24,-0.29781804733727774,purple
2022-07-31,-0.7978180473372779,purple
2022-08-07,-0.5478180473372772,purple
2022-08-14,-0.5478180473372777,purple
2022-08-21,-0.29541420118343215,purple
2022-08-28,-0.7761834319526638,purple
2022-09-04,-0.4997411242603555,purple
2022-09-11,-0.7208949704142026,purple
2022-09-18,-0.43483727810650924,purple
2022-09-25,-0.6487795857988164,purple
2022-10-02,-1.1127218934911247,purple
2022-10-09,0.42333579881656785,purple
2022-10-16,-1.2882026627218939,purple
2022-10-23,-0.24974112426035572,purple
2022-10-30,-0.7112795857988167,purple
2022-11-06,-0.17522189349112377,purple
2022-11-13,0.10843195266272161,purple
2022-11-20,1.6420857988165685,purple
2022-11-27,-0.574260355029585,purple
2022-12-04,-0.5406065088757391,purple
2022-12-11,-0.0045488165680471065,purple
2022-12-18,0.03391272189349122,purple
2022-12-25,0.5699704142011838,purple
2023-01-01,0.10362426035502954,purple
2023-01-08,-0.11272189349112376,purple
2023-01-15,-0.07666420118343169,purple
2023-01-22,0.9617973372781076,purple
2023-01-29,0.500258875739645,purple
2023-02-05,1.788720414201183,purple
2023-02-12,1.327181952662722,purple
2023-02-19,1.6156434911242603,purple
2023-02-26,3.1541050295857977,purple
2023-03-05,3.4401627218934903,purple
2023-03-12,-1.0237795857988168,purple
2023-03-19,-0.985318047337278,purple
2023-03-26,0.5531434911242612,purple
2023-04-02,0.34160502958579947,purple
2023-04-09,0.8800665680473371,purple
2023-04-16,-0.08147189349112353,purple
2023-04-23,-0.040606508875739175,purple
2023-04-30,-0.24974112426035483,purple
2023-05-07,-0.7088757396449704,purple
2023-05-14,-0.4132026627218934,purple
2023-05-21,-0.6127218934911252,purple
2023-05-28,-0.4458949704142014,purple
2023-06-04,-0.3386834319526634,purple
2023-06-11,-0.32906804733727796,purple
2023-06-18,-0.07185650887573962,purple
2023-06-25,-0.3170488165680471,purple
2023-07-02,-0.3122411242603555,purple
2023-07-09,-0.5526257396449704,purple
2023-07-16,-0.5478180473372781,purple
2023-07-23,-0.29781804733727774,purple
2023-07-30,-0.7978180473372779,purple
2023-08-06,-0.5478180473372772,purple
2023-08-13,-0.5478180473372777,purple
2023-08-20,-0.29541420118343215,purple
2023-08-27,-0.7761834319526638,purple
2023-09-03,-0.4997411242603555,purple
2023-09-10,-0.7208949704142026,purple
2023-09-17,-0.43483727810650924,purple
2023-09-24,-0.6487795857988164,purple
2023-10-01,-1.1127218934911247,purple
2023-10-08,0.42333579881656785,purple
2023-10-15,-1.2882026627218939,purple
2023-10-22,-0.24974112426035572,purple
2023-10-29,-0.7112795857988167,purple
2023-11-05,-0.17522189349112377,purple
2023-11-12,0.10843195266272161,purple
2023-11-19,1.6420857988165685,purple
2023-11-26,-0.574260355029585,purple
2018-12-02,6.814330621301775,black
2018-12-09,9.021061390532543,black
2018-12-16,7.720580621301779,black
2018-12-23,7.917696005917166,black
2018-12-30,12.11721523668639,black
2019-01-06,10.29750369822485,black
2019-01-13,5.71817677514793,black
2019-01-20,0.3912536982248517,black
2019-01-27,0.8287536982248517,black
2019-02-03,0.5234652366863953,black
2019-02-10,-0.7962463017751465,black
2019-02-17,0.6340421597633134,black
2019-02-24,-1.6808616863905317,black
2019-03-03,-2.7529770710059185,black
2019-03-10,-6.0799001479289965,black
2019-03-17,-6.397207840236692,black
2019-03-24,-6.966919378698223,black
2019-03-31,-5.5486501479289965,black
2019-04-07,-4.37557322485207,black
2019-04-14,-5.945284763313608,black
2019-04-21,-6.76499630177515,black
2019-04-28,-7.072688609467456,black
2019-05-05,-5.632784763313611,black
2019-05-12,-5.950092455621301,black
2019-05-19,-4.512592455621303,black
2019-05-26,-4.5847078402366845,black
2019-06-02,-3.2904770710059177,black
2019-06-09,-2.414034763313612,black
2019-06-16,-3.3587463017751413,black
2019-06-23,-2.7866309171597563,black
2019-06-30,-3.73615014792899,black
2019-07-07,-4.459707840236683,black
2019-07-14,-3.1664386094674533,black
2019-07-21,-4.611150147928993,black
2019-07-28,-3.034227071005924,black
2019-08-04,-0.947688609467462,black
2019-08-11,-2.5967270710059185,black
2019-08-18,-1.2409578402366885,black
2019-08-25,-1.6351886094674568,black
2019-09-01,-1.5198039940828365,black
2019-09-08,-2.654419378698227,black
2019-09-15,-2.022207840236685,black
2019-09-22,-1.13278476331361,black
2019-09-29,0.5066383136094667,black
2019-10-06,1.3864460059171582,black
2019-10-13,4.511446005917157,black
2019-10-20,3.39846523668639,black
2019-10-27,5.790292159763314,black
2019-11-03,4.429715236686394,black
2019-11-10,5.571542159763314,black
2019-11-17,9.46577292899408,black
2019-11-24,22.624426775147928,black
2019-12-01,6.814330621301775,black
2019-12-08,9.021061390532543,black
2019-12-15,7.720580621301779,black
2019-12-22,7.917696005917166,black
2019-12-29,12.11721523668639,black
2020-01-05,10.29750369822485,black
2020-01-12,5.71817677514793,black
2020-01-19,0.3912536982248517,black
2020-01-26,0.8287536982248517,black
2020-02-02,0.5234652366863953,black
2020-02-09,-0.7962463017751465,black
2020-02-16,0.6340421597633134,black
2020-02-23,-1.6808616863905317,black
2020-03-01,-2.7529770710059185,black
2020-03-08,-6.0799001479289965,black
2020-03-15,-6.397207840236692,black
2020-03-22,-6.966919378698223,black
2020-03-29,-5.5486501479289965,black
2020-04-05,-4.37557322485207,black
2020-04-12,-5.945284763313608,black
2020-04-19,-6.76499630177515,black
2020-04-26,-7.072688609467456,black
2020-05-03,-5.632784763313611,black
2020-05-10,-5.950092455621301,black
2020-05-17,-4.512592455621303,black
2020-05-24,-4.5847078402366845,black
2020-05-31,-3.2904770710059177,black
2020-06-07,-2.414034763313612,black
2020-06-14,-3.3587463017751413,black
2020-06-21,-2.7866309171597563,black
2020-06-28,-3.73615014792899,black
2020-07-05,-4.459707840236683,black
2020-07-12,-3.1664386094674533,black
2020-07-19,-4.611150147928993,black
2020-07-26,-3.034227071005924,black
2020-08-02,-0.947688609467462,black
2020-08-09,-2.5967270710059185,black
2020-08-16,-1.2409578402366885,black
2020-08-23,-1.6351886094674568,black
2020-08-30,-1.5198039940828365,black
2020-09-06,-2.654419378698227,black
2020-09-13,-2.022207840236685,black
2020-09-20,-1.13278476331361,black
2020-09-27,0.5066383136094667,black
2020-10-04,1.3864460059171582,black
2020-10-11,4.511446005917157,black
2020-10-18,3.39846523668639,black
2020-10-25,5.790292159763314,black
2020-11-01,4.429715236686394,black
2020-11-08,5.571542159763314,black
2020-11-15,9.46577292899408,black
2020-11-22,22.624426775147928,black
2020-11-29,6.814330621301775,black
2020-12-06,9.021061390532543,black
2020-12-13,7.720580621301779,black
2020-12-20,7.917696005917166,black
2020-12-27,12.11721523668639,black
2021-01-03,10.29750369822485,black
2021-01-10,5.71817677514793,black
2021-01-17,0.3912536982248517,black
2021-01-24,0.8287536982248517,black
2021-01-31,0.5234652366863953,black
2021-02-07,-0.7962463017751465,black
2021-02-14,0.6340421597633134,black
2021-02-21,-1.6808616863905317,black
2021-02-28,-2.7529770710059185,black
2021-03-07,-6.0799001479289965,black
2021-03-14,-6.397207840236692,black
2021-03-21,-6.966919378698223,black
2021-03-28,-5.5486501479289965,black
2021-04-04,-4.37557322485207,black
2021-04-11,-5.945284763313608,black
2021-04-18,-6.76499630177515,black
2021-04-25,-7.072688609467456,black
2021-05-02,-5.632784763313611,black
2021-05-09,-5.950092455621301,black
2021-05-16,-4.512592455621303,black
2021-05-23,-4.5847078402366845,black
2021-05-30,-3.2904770710059177,black
2021-06-06,-2.414034763313612,black
2021-06-13,-3.3587463017751413,black
2021-06-20,-2.7866309171597563,black
2021-06-27,-3.73615014792899,black
2021-07-04,-4.459707840236683,black
2021-07-11,-3.1664386094674533,black
2021-07-18,-4.611150147928993,black
2021-07-25,-3.034227071005924,black
2021-08-01,-0.947688609467462,black
2021-08-08,-2.5967270710059185,black
2021-08-15,-1.2409578402366885,black
2021-08-22,-1.6351886094674568,black
2021-08-29,-1.5198039940828365,black
2021-09-05,-2.654419378698227,black
2021-09-12,-2.022207840236685,black
2021-09-19,-1.13278476331361,black
2021-09-26,0.5066383136094667,black
2021-10-03,1.3864460059171582,black
2021-10-10,4.511446005917157,black
2021-10-17,3.39846523668639,black
2021-10-24,5.790292159763314,black
2021-10-31,4.429715236686394,black
2021-11-07,5.571542159763314,black
2021-11-14,9.46577292899408,black
2021-11-21,22.624426775147928,black
2021-11-28,6.814330621301775,black
2021-12-05,9.021061390532543,black
2021-12-12,7.720580621301779,black
2021-12-19,7.917696005917166,black
2021-12-26,12.11721523668639,black
2022-01-02,10.29750369822485,black
2022-01-09,5.71817677514793,black
2022-01-16,0.3912536982248517,black
2022-01-23,0.8287536982248517,black
2022-01-30,0.5234652366863953,black
2022-02-06,-0.7962463017751465,black
2022-02-13,0.6340421597633134,black
2022-02-20,-1.6808616863905317,black
2022-02-27,-2.7529770710059185,black
2022-03-06,-6.0799001479289965,black
2022-03-13,-6.397207840236692,black
2022-03-20,-6.966919378698223,black
2022-03-27,-5.5486501479289965,black
2022-04-03,-4.37557322485207,black
2022-04-10,-5.945284763313608,black
2022-04-17,-6.76499630177515,black
2022-04-24,-7.072688609467456,black
2022-05-01,-5.632784763313611,black
2022-05-08,-5.950092455621301,black
2022-05-15,-4.512592455621303,black
2022-05-22,-4.5847078402366845,black
2022-05-29,-3.2904770710059177,black
2022-06-05,-2.414034763313612,black
2022-06-12,-3.3587463017751413,black
2022-06-19,-2.7866309171597563,black
2022-06-26,-3.73615014792899,black
2022-07-03,-4.459707840236683,black
2022-07-10,-3.1664386094674533,black
2022-07-17,-4.611150147928993,black
2022-07-24,-3.034227071005924,black
2022-07-31,-0.947688609467462,black
2022-08-07,-2.5967270710059185,black
2022-08-14,-1.2409578402366885,black
2022-08-21,-1.6351886094674568,black
2022-08-28,-1.5198039940828365,black
2022-09-04,-2.654419378698227,black
2022-09-11,-2.022207840236685,black
2022-09-18,-1.13278476331361,black
2022-09-25,0.5066383136094667,black
2022-10-02,1.3864460059171582,black
2022-10-09,4.511446005917157,black
2022-10-16,3.39846523668639,black
2022-10-23,5.790292159763314,black
2022-10-30,4.429715236686394,black
2022-11-06,5.571542159763314,black
2022-11-13,9.46577292899408,black
2022-11-20,22.624426775147928,black
2022-11-27,6.814330621301775,black
2022-12-04,9.021061390532543,black
2022-12-11,7.720580621301779,black
2022-12-18,7.917696005917166,black
2022-12-25,12.11721523668639,black
2023-01-01,10.29750369822485,black
2023-01-08,5.71817677514793,black
2023-01-15,0.3912536982248517,black
2023-01-22,0.8287536982248517,black
2023-01-29,0.5234652366863953,black
2023-02-05,-0.7962463017751465,black
2023-02-12,0.6340421597633134,black
2023-02-19,-1.6808616863905317,black
2023-02-26,-2.7529770710059185,black
2023-03-05,-6.0799001479289965,black
2023-03-12,-6.397207840236692,black
2023-03-19,-6.966919378698223,black
2023-03-26,-5.5486501479289965,black
2023-04-02,-4.37557322485207,black
2023-04-09,-5.945284763313608,black
2023-04-16,-6.76499630177515,black
2023-04-23,-7.072688609467456,black
2023-04-30,-5.632784763313611,black
2023-05-07,-5.950092455621301,black
2023-05-14,-4.512592455621303,black
2023-05-21,-4.5847078402366845,black
2023-05-28,-3.2904770710059177,black
2023-06-04,-2.414034763313612,black
2023-06-11,-3.3587463017751413,black
2023-06-18,-2.7866309171597563,black
2023-06-25,-3.73615014792899,black
2023-07-02,-4.459707840236683,black
2023-07-09,-3.1664386094674533,black
2023-07-16,-4.611150147928993,black
2023-07-23,-3.034227071005924,black
2023-07-30,-0.947688609467462,black
2023-08-06,-2.5967270710059185,black
2023-08-13,-1.2409578402366885,black
2023-08-20,-1.6351886094674568,black
2023-08-27,-1.5198039940828365,black
2023-09-03,-2.654419378698227,black
2023-09-10,-2.022207840236685,black
2023-09-17,-1.13278476331361,black
2023-09-24,0.5066383136094667,black
2023-10-01,1.3864460059171582,black
2023-10-08,4.511446005917157,black
2023-10-15,3.39846523668639,black
2023-10-22,5.790292159763314,black
2023-10-29,4.429715236686394,black
2023-11-05,5.571542159763314,black
2023-11-12,9.46577292899408,black
2023-11-19,22.624426775147928,black
2023-11-26,6.814330621301775,black
2018-12-02,-1.5506656804733678,white
2018-12-09,-0.12758875739645148,white
2018-12-16,-2.459319526627218,white
2018-12-23,-2.54105029585799,white
2018-12-30,0.12721893491124014,white
2019-01-06,0.7786612426035521,white
2019-01-13,-0.5747041420118294,white
2019-01-20,-1.923261834319523,white
2019-01-27,0.47818047337278735,white
2019-02-03,-0.11797337278106468,white
2019-02-10,-0.7141272189349096,white
2019-02-17,-1.3054733727810666,white
2019-02-24,-0.6420118343195299,white
2019-03-03,-0.48095414201183473,white
2019-03-10,-3.3247041420118366,white
2019-03-17,-4.91364644970414,white
2019-03-24,-2.995377218934908,white
2019-03-31,-0.07951183431952635,white
2019-04-07,-0.9184541420118347,white
2019-04-14,-2.5098002958579864,white
2019-04-21,-1.0939349112426067,white
2019-04-28,-0.6612426035502964,white
2019-05-05,1.0238535502958568,white
2019-05-12,-0.04826183431953168,white
2019-05-19,1.6320266272189334,white
2019-05-26,1.809911242603552,white
2019-06-02,2.2786612426035515,white
2019-06-09,3.1632766272189334,white
2019-06-16,2.2546227810650867,white
2019-06-23,1.09596893491124,white
2019-06-30,1.9252958579881652,white
2019-07-07,2.497411242603552,white
2019-07-14,1.3411612426035537,white
2019-07-21,1.696930473372782,white
2019-07-28,2.2930843195266286,white
2019-08-04,2.8892381656804735,white
2019-08-11,2.49741124260355,white
2019-08-18,2.8627958579881634,white
2019-08-25,2.9853920118343167,white
2019-09-01,0.8603920118343221,white
2019-09-08,-0.01941568047337483,white
2019-09-15,0.6007766272189318,white
2019-09-22,-0.27903106508875986,white
2019-09-29,-0.4160502958579898,white
2019-10-06,-0.055473372781066455,white
2019-10-13,0.8051035502958569,white
2019-10-20,-0.8295118343195246,white
2019-10-27,-1.4593195266272199,white
2019-11-03,-1.8367233727810666,white
2019-11-10,-1.9617233727810648,white
2019-11-17,-0.5939349112426048,white
2019-11-24,-1.4641272189349115,white
2019-12-01,-1.5506656804733678,white
2019-12-08,-0.12758875739645148,white
2019-12-15,-2.459319526627218,white
2019-12-22,-2.54105029585799,white
2019-12-29,0.12721893491124014,white
2020-01-05,0.7786612426035521,white
2020-01-12,-0.5747041420118294,white
2020-01-19,-1.923261834319523,white
2020-01-26,0.47818047337278735,white
2020-02-02,-0.11797337278106468,white
2020-02-09,-0.7141272189349096,white
2020-02-16,-1.3054733727810666,white
2020-02-23,-0.6420118343195299,white
2020-03-01,-0.48095414201183473,white
2020-03-08,-3.3247041420118366,white
2020-03-15,-4.91364644970414,white
2020-03-22,-2.995377218934908,white
2020-03-29,-0.07951183431952635,white
2020-04-05,-0.9184541420118347,white
2020-04-12,-2.5098002958579864,white
2020-04-19,-1.0939349112426067,white
2020-04-26,-0.6612426035502964,white
2020-05-03,1.0238535502958568,white
2020-05-10,-0.04826183431953168,white
2020-05-17,1.6320266272189334,white
2020-05-24,1.809911242603552,white
2020-05-31,2.2786612426035515,white
2020-06-07,3.1632766272189334,white
2020-06-14,2.2546227810650867,white
2020-06-21,1.09596893491124,white
2020-06-28,1.9252958579881652,white
2020-07-05,2.497411242603552,white
2020-07-12,1.3411612426035537,white
2020-07-19,1.696930473372782,white
2020-07-26,2.2930843195266286,white
2020-08-02,2.8892381656804735,white
2020-08-09,2.49741124260355,white
2020-08-16,2.8627958579881634,white
2020-08-23,2.9853920118343167,white
2020-08-30,0.8603920118343221,white
2020-09-06,-0.01941568047337483,white
2020-09-13,0.6007766272189318,white
2020-09-20,-0.27903106508875986,white
2020-09-27,-0.4160502958579898,white
2020-10-04,-0.055473372781066455,white
2020-10-11,0.8051035502958569,white
2020-10-18,-0.8295118343195246,white
2020-10-25,-1.4593195266272199,white
2020-11-01,-1.8367233727810666,white
2020-11-08,-1.9617233727810648,white
2020-11-15,-0.5939349112426048,white
2020-11-22,-1.4641272189349115,white
2020-11-29,-1.5506656804733678,white
2020-12-06,-0.12758875739645148,white
2020-12-13,-2.459319526627218,white
2020-12-20,-2.54105029585799,white
2020-12-27,0.12721893491124014,white
2021-01-03,0.7786612426035521,white
2021-01-10,-0.5747041420118294,white
2021-01-17,-1.923261834319523,white
2021-01-24,0.47818047337278735,white
2021-01-31,-0.11797337278106468,white
2021-02-07,-0.7141272189349096,white
2021-02-14,-1.3054733727810666,white
2021-02-21,-0.6420118343195299,white
2021-02-28,-0.48095414201183473,white
2021-03-07,-3.3247041420118366,white
2021-03-14,-4.91364644970414,white
2021-03-21,-2.995377218934908,white
2021-03-28,-0.07951183431952635,white
2021-04-04,-0.9184541420118347,white
2021-04-11,-2.5098002958579864,white
2021-04-18,-1.0939349112426067,white
2021-04-25,-0.6612426035502964,white
2021-05-02,1.0238535502958568,white
2021-05-09,-0.04826183431953168,white
2021-05-16,1.6320266272189334,white
2021-05-23,1.809911242603552,white
2021-05-30,2.2786612426035515,white
2021-06-06,3.1632766272189334,white
2021-06-13,2.2546227810650867,white
2021-06-20,1.09596893491124,white
2021-06-27,1.9252958579881652,white
2021-07-04,2.497411242603552,white
2021-07-11,1.3411612426035537,white
2021-07-18,1.696930473372782,white
2021-07-25,2.2930843195266286,white
2021-08-01,2.8892381656804735,white
2021-08-08,2.49741124260355,white
2021-08-15,2.8627958579881634,white
2021-08-22,2.9853920118343167,white
2021-08-29,0.8603920118343221,white
2021-09-05,-0.01941568047337483,white
2021-09-12,0.6007766272189318,white
2021-09-19,-0.27903106508875986,white
2021-09-26,-0.4160502958579898,white
2021-10-03,-0.055473372781066455,white
2021-10-10,0.8051035502958569,white
2021-10-17,-0.8295118343195246,white
2021-10-24,-1.4593195266272199,white
2021-10-31,-1.8367233727810666,white
2021-11-07,-1.9617233727810648,white
2021-11-14,-0.5939349112426048,white
2021-11-21,-1.4641272189349115,white
2021-11-28,-1.5506656804733678,white
2021-12-05,-0.12758875739645148,white
2021-12-12,-2.459319526627218,white
2021-12-19,-2.54105029585799,white
2021-12-26,0.12721893491124014,white
2022-01-02,0.7786612426035521,white
2022-01-09,-0.5747041420118294,white
2022-01-16,-1.923261834319523,white
2022-01-23,0.47818047337278735,white
2022-01-30,-0.11797337278106468,white
2022-02-06,-0.7141272189349096,white
2022-02-13,-1.3054733727810666,white
2022-02-20,-0.6420118343195299,white
2022-02-27,-0.48095414201183473,white
2022-03-06,-3.3247041420118366,white
2022-03-13,-4.91364644970414,white
2022-03-20,-2.995377218934908,white
2022-03-27,-0.07951183431952635,white
2022-04-03,-0.9184541420118347,white
2022-04-10,-2.5098002958579864,white
2022-04-17,-1.0939349112426067,white
2022-04-24,-0.6612426035502964,white
2022-05-01,1.0238535502958568,white
2022-05-08,-0.04826183431953168,white
2022-05-15,1.6320266272189334,white
2022-05-22,1.809911242603552,white
2022-05-29,2.2786612426035515,white
2022-06-05,3.1632766272189334,white
2022-06-12,2.2546227810650867,white
2022-06-19,1.09596893491124,white
2022-06-26,1.9252958579881652,white
2022-07-03,2.497411242603552,white
2022-07-10,1.3411612426035537,white
2022-07-17,1.696930473372782,white
2022-07-24,2.2930843195266286,white
2022-07-31,2.8892381656804735,white
2022-08-07,2.49741124260355,white
2022-08-14,2.8627958579881634,white
2022-08-21,2.9853920118343167,white
2022-08-28,0.8603920118343221,white
2022-09-04,-0.01941568047337483,white
2022-09-11,0.6007766272189318,white
2022-09-18,-0.27903106508875986,white
2022-09-25,-0.4160502958579898,white
2022-10-02,-0.055473372781066455,white
2022-10-09,0.8051035502958569,white
2022-10-16,-0.8295118343195246,white
2022-10-23,-1.4593195266272199,white
2022-10-30,-1.8367233727810666,white
2022-11-06,-1.9617233727810648,white
2022-11-13,-0.5939349112426048,white
2022-11-20,-1.4641272189349115,white
2022-11-27,-1.5506656804733678,white
2022-12-04,-0.12758875739645148,white
2022-12-11,-2.459319526627218,white
2022-12-18,-2.54105029585799,white
2022-12-25,0.12721893491124014,white
2023-01-01,0.7786612426035521,white
2023-01-08,-0.5747041420118294,white
2023-01-15,-1.923261834319523,white
2023-01-22,0.47818047337278735,white
2023-01-29,-0.11797337278106468,white
2023-02-05,-0.7141272189349096,white
2023-02-12,-1.3054733727810666,white
2023-02-19,-0.6420118343195299,white
2023-02-26,-0.48095414201183473,white
2023-03-05,-3.3247041420118366,white
2023-03-12,-4.91364644970414,white
2023-03-19,-2.995377218934908,white
2023-03-26,-0.07951183431952635,white
2023-04-02,-0.9184541420118347,white
2023-04-09,-2.5098002958579864,white
2023-04-16,-1.0939349112426067,white
2023-04-23,-0.6612426035502964,white
2023-04-30,1.0238535502958568,white
2023-05-07,-0.04826183431953168,white
2023-05-14,1.6320266272189334,white
2023-05-21,1.809911242603552,white
2023-05-28,2.2786612426035515,white
2023-06-04,3.1632766272189334,white
2023-06-11,2.2546227810650867,white
2023-06-18,1.09596893491124,white
2023-06-25,1.9252958579881652,white
2023-07-02,2.497411242603552,white
2023-07-09,1.3411612426035537,white
2023-07-16,1.696930473372782,white
2023-07-23,2.2930843195266286,white
2023-07-30,2.8892381656804735,white
2023-08-06,2.49741124260355,white
2023-08-13,2.8627958579881634,white
2023-08-20,2.9853920118343167,white
2023-08-27,0.8603920118343221,white
2023-09-03,-0.01941568047337483,white
2023-09-10,0.6007766272189318,white
2023-09-17,-0.27903106508875986,white
2023-09-24,-0.4160502958579898,white
2023-10-01,-0.055473372781066455,white
2023-10-08,0.8051035502958569,white
2023-10-15,-0.8295118343195246,white
2023-10-22,-1.4593195266272199,white
2023-10-29,-1.8367233727810666,white
2023-11-05,-1.9617233727810648,white
2023-11-12,-0.5939349112426048,white
2023-11-19,-1.4641272189349115,white
2023-11-26,-1.5506656804733678,white
2018-12-02,-0.9526719674556234,green
2018-12-09,-0.7675758136094675,green
2018-12-16,-1.089691198224853,green
2018-12-23,-1.664210428994083,green
2018-12-30,-0.2363258136094692,green
2019-01-06,-0.06565273668639078,green
2019-01-13,-0.1401719674556225,green
2019-01-20,-0.7050758136094684,green
2019-01-27,-0.019979659763313243,green
2019-02-03,0.41511649408284096,green
2019-02-10,0.35021264792899515,green
2019-02-17,-0.20988350591715815,green
2019-02-24,-0.7723835059171573,green
2019-03-03,-0.8396911982248507,green
2019-03-10,-1.6569988905325406,green
2019-03-17,-0.9743065828402357,green
2019-03-24,-1.0416142751479291,green
2019-03-31,-0.6041142751479291,green
2019-04-07,-0.6666142751479291,green
2019-04-14,0.013674186390533458,green
2019-04-21,0.198770340236685,green
2019-04-28,0.6362703402366858,green
2019-05-05,0.5785780325443783,green
2019-05-12,0.5208857248520717,green
2019-05-19,0.7083857248520709,green
2019-05-26,0.6458857248520735,green
2019-06-02,0.8699241863905339,green
2019-06-09,1.2805011094674572,green
2019-06-16,-0.0488258136094661,green
2019-06-23,-0.12815273668639077,green
2019-06-30,0.28771264792899426,green
2019-07-07,-0.04882581360946654,green
2019-07-14,0.6218472633136101,green
2019-07-21,1.2901164940828391,green
2019-07-28,0.7011741863905316,green
2019-08-04,2.6098280325443795,green
2019-08-11,1.275693417159762,green
2019-08-18,1.2011741863905316,green
2019-08-25,1.6266549556213008,green
2019-09-01,-0.19786427514793042,green
2019-09-08,-0.2747873520710062,green
2019-09-15,-0.8541142751479287,green
2019-09-22,0.06896264792899202,green
2019-09-29,-0.007960428994082405,green
2019-10-06,-0.08488350591716083,green
2019-10-13,0.5833857248520731,green
2019-10-20,0.49684726331360923,green
2019-10-27,-1.0872873520710062,green
2019-11-03,-0.41180658284023836,green
2019-11-10,-0.48392196745562294,green
2019-11-17,-0.31084504437869914,green
2019-11-24,-0.6353642751479309,green
2019-12-01,-0.9526719674556234,green
2019-12-08,-0.7675758136094675,green
2019-12-15,-1.089691198224853,green
2019-12-22,-1.664210428994083,green
2019-12-29,-0.2363258136094692,green
2020-01-05,-0.06565273668639078,green
2020-01-12,-0.1401719674556225,green
2020-01-19,-0.7050758136094684,green
2020-01-26,-0.019979659763313243,green
2020-02-02,0.41511649408284096,green
2020-02-09,0.35021264792899515,green
2020-02-16,-0.20988350591715815,green
2020-02-23,-0.7723835059171573,green
2020-03-01,-0.8396911982248507,green
2020-03-08,-1.6569988905325406,green
2020-03-15,-0.9743065828402357,green
2020-03-22,-1.0416142751479291,green
2020-03-29,-0.6041142751479291,green
2020-04-05,-0.6666142751479291,green
2020-04-12,0.013674186390533458,green
2020-04-19,0.198770340236685,green
2020-04-26,0.6362703402366858,green
2020-05-03,0.5785780325443783,green
2020-05-10,0.5208857248520717,green
2020-05-17,0.7083857248520709,green
2020-05-24,0.6458857248520735,green
2020-05-31,0.8699241863905339,green
2020-06-07,1.2805011094674572,green
2020-06-14,-0.0488258136094661,green
2020-06-21,-0.12815273668639077,green
2020-06-28,0.28771264792899426,green
2020-07-05,-0.04882581360946654,green
2020-07-12,0.6218472633136101,green
2020-07-19,1.2901164940828391,green
2020-07-26,0.7011741863905316,green
2020-08-02,2.6098280325443795,green
2020-08-09,1.275693417159762,green
2020-08-16,1.2011741863905316,green
2020-08-23,1.6266549556213008,green
2020-08-30,-0.19786427514793042,green
2020-09-06,-0.2747873520710062,green
2020-09-13,-0.8541142751479287,green
2020-09-20,0.06896264792899202,green
2020-09-27,-0.007960428994082405,green
2020-10-04,-0.08488350591716083,green
2020-10-11,0.5833857248520731,green
2020-10-18,0.49684726331360923,green
2020-10-25,-1.0872873520710062,green
2020-11-01,-0.41180658284023836,green
2020-11-08,-0.48392196745562294,green
2020-11-15,-0.31084504437869914,green
2020-11-22,-0.6353642751479309,green
2020-11-29,-0.9526719674556234,green
2020-12-06,-0.7675758136094675,green
2020-12-13,-1.089691198224853,green
2020-12-20,-1.664210428994083,green
2020-12-27,-0.2363258136094692,green
2021-01-03,-0.06565273668639078,green
2021-01-10,-0.1401719674556225,green
2021-01-17,-0.7050758136094684,green
2021-01-24,-0.019979659763313243,green
2021-01-31,0.41511649408284096,green
2021-02-07,0.35021264792899515,green
2021-02-14,-0.20988350591715815,green
2021-02-21,-0.7723835059171573,green
2021-02-28,-0.8396911982248507,green
2021-03-07,-1.6569988905325406,green
2021-03-14,-0.9743065828402357,green
2021-03-21,-1.0416142751479291,green
2021-03-28,-0.6041142751479291,green
2021-04-04,-0.6666142751479291,green
2021-04-11,0.013674186390533458,green
2021-04-18,0.198770340236685,green
2021-04-25,0.6362703402366858,green
2021-05-02,0.5785780325443783,green
2021-05-09,0.5208857248520717,green
2021-05-16,0.7083857248520709,green
2021-05-23,0.6458857248520735,green
2021-05-30,0.8699241863905339,green
2021-06-06,1.2805011094674572,green
2021-06-13,-0.0488258136094661,green
2021-06-20,-0.12815273668639077,green
2021-06-27,0.28771264792899426,green
2021-07-04,-0.04882581360946654,green
2021-07-11,0.6218472633136101,green
2021-07-18,1.2901164940828391,green
2021-07-25,0.7011741863905316,green
2021-08-01,2.6098280325443795,green
2021-08-08,1.275693417159762,green
2021-08-15,1.2011741863905316,green
2021-08-22,1.6266549556213008,green
2021-08-29,-0.19786427514793042,green
2021-09-05,-0.2747873520710062,green
2021-09-12,-0.8541142751479287,green
2021-09-19,0.06896264792899202,green
2021-09-26,-0.007960428994082405,green
2021-10-03,-0.08488350591716083,green
2021-10-10,0.5833857248520731,green
2021-10-17,0.49684726331360923,green
2021-10-24,-1.0872873520710062,green
2021-10-31,-0.41180658284023836,green
2021-11-07,-0.48392196745562294,green
2021-11-14,-0.31084504437869914,green
2021-11-21,-0.6353642751479309,green
2021-11-28,-0.9526719674556234,green
2021-12-05,-0.7675758136094675,green
2021-12-12,-1.089691198224853,green
2021-12-19,-1.664210428994083,green
2021-12-26,-0.2363258136094692,green
2022-01-02,-0.06565273668639078,green
2022-01-09,-0.1401719674556225,green
2022-01-16,-0.7050758136094684,green
2022-01-23,-0.019979659763313243,green
2022-01-30,0.41511649408284096,green
2022-02-06,0.35021264792899515,green
2022-02-13,-0.20988350591715815,green
2022-02-20,-0.7723835059171573,green
2022-02-27,-0.8396911982248507,green
2022-03-06,-1.6569988905325406,green
2022-03-13,-0.9743065828402357,green
2022-03-20,-1.0416142751479291,green
2022-03-27,-0.6041142751479291,green
2022-04-03,-0.6666142751479291,green
2022-04-10,0.013674186390533458,green
2022-04-17,0.198770340236685,green
2022-04-24,0.6362703402366858,green
2022-05-01,0.5785780325443783,green
2022-05-08,0.5208857248520717,green
2022-05-15,0.7083857248520709,green
2022-05-22,0.6458857248520735,green
2022-05-29,0.8699241863905339,green
2022-06-05,1.2805011094674572,green
2022-06-12,-0.0488258136094661,green
2022-06-19,-0.12815273668639077,green
2022-06-26,0.28771264792899426,green
2022-07-03,-0.04882581360946654,green
2022-07-10,0.6218472633136101,green
2022-07-17,1.2901164940828391,green
2022-07-24,0.7011741863905316,green
2022-07-31,2.6098280325443795,green
2022-08-07,1.275693417159762,green
2022-08-14,1.2011741863905316,green
2022-08-21,1.6266549556213008,green
2022-08-28,-0.19786427514793042,green
2022-09-04,-0.2747873520710062,green
2022-09-11,-0.8541142751479287,green
2022-09-18,0.06896264792899202,green
2022-09-25,-0.007960428994082405,green
2022-10-02,-0.08488350591716083,green
2022-10-09,0.5833857248520731,green
2022-10-16,0.49684726331360923,green
2022-10-23,-1.0872873520710062,green
2022-10-30,-0.41180658284023836,green
2022-11-06,-0.48392196745562294,green
2022-11-13,-0.31084504437869914,green
2022-11-20,-0.6353642751479309,green
2022-11-27,-0.9526719674556234,green
2022-12-04,-0.7675758136094675,green
2022-12-11,-1.089691198224853,green
2022-12-18,-1.664210428994083,green
2022-12-25,-0.2363258136094692,green
2023-01-01,-0.06565273668639078,green
2023-01-08,-0.1401719674556225,green
2023-01-15,-0.7050758136094684,green
2023-01-22,-0.019979659763313243,green
2023-01-29,0.41511649408284096,green
2023-02-05,0.35021264792899515,green
2023-02-12,-0.20988350591715815,green
2023-02-19,-0.7723835059171573,green
2023-02-26,-0.8396911982248507,green
2023-03-05,-1.6569988905325406,green
2023-03-12,-0.9743065828402357,green
2023-03-19,-1.0416142751479291,green
2023-03-26,-0.6041142751479291,green
2023-04-02,-0.6666142751479291,green
2023-04-09,0.013674186390533458,green
2023-04-16,0.198770340236685,green
2023-04-23,0.6362703402366858,green
2023-04-30,0.5785780325443783,green
2023-05-07,0.5208857248520717,green
2023-05-14,0.7083857248520709,green
2023-05-21,0.6458857248520735,green
2023-05-28,0.8699241863905339,green
2023-06-04,1.2805011094674572,green
2023-06-11,-0.0488258136094661,green
2023-06-18,-0.12815273668639077,green
2023-06-25,0.28771264792899426,green
2023-07-02,-0.04882581360946654,green
2023-07-09,0.6218472633136101,green
2023-07-16,1.2901164940828391,green
2023-07-23,0.7011741863905316,green
2023-07-30,2.6098280325443795,green
2023-08-06,1.275693417159762,green
2023-08-13,1.2011741863905316,green
2023-08-20,1.6266549556213008,green
2023-08-27,-0.19786427514793042,green
2023-09-03,-0.2747873520710062,green
2023-09-10,-0.8541142751479287,green
2023-09-17,0.06896264792899202,green
2023-09-24,-0.007960428994082405,green
2023-10-01,-0.08488350591716083,green
2023-10-08,0.5833857248520731,green
2023-10-15,0.49684726331360923,green
2023-10-22,-1.0872873520710062,green
2023-10-29,-0.41180658284023836,green
2023-11-05,-0.48392196745562294,green
2023-11-12,-0.31084504437869914,green
2023-11-19,-0.6353642751479309,green
2023-11-26,-0.9526719674556234,green
2018-12-02,1.0586630917159765,red
2018-12-09,2.5081823224852053,red
2018-12-16,1.9577015532544364,red
2018-12-23,1.4024130917159765,red
2018-12-30,2.337509245562133,red
2019-01-06,0.5202015532544416,red
2019-01-13,0.7004900147929015,red
2019-01-20,1.1283746301775148,red
2019-01-27,0.5634707840236662,red
2019-02-03,0.4985669378698213,red
2019-02-10,2.686066937869821,red
2019-02-17,3.1283746301775137,red
2019-02-24,0.5754900147928997,red
2019-03-03,-0.7273946005917188,red
2019-03-10,-1.787490754437872,red
2019-03-17,-0.8355676775147928,red
2019-03-24,-1.6168176775147927,red
2019-03-31,-1.3980676775147944,red
2019-04-07,0.5586630917159755,red
2019-04-14,-0.24902921597633107,red
2019-04-21,-0.29950998520710115,red
2019-04-28,-0.5855676775147928,red
2019-05-05,0.12597078402366804,red
2019-05-12,-0.42210613905325356,red
2019-05-19,-0.2249907544378694,red
2019-05-26,-0.27066383136094607,red
2019-06-02,-0.607202292899407,red
2019-06-09,-0.051913831360945156,red
2019-06-16,-1.3788369082840208,red
2019-06-23,-1.460567677514789,red
2019-06-30,-2.547106139053253,red
2019-07-07,-1.6288369082840253,red
2019-07-14,-2.198548446745564,red
2019-07-21,-2.2634522928994105,red
2019-07-28,-2.3259522928994096,red
2019-08-04,-1.6408561390532534,red
2019-08-11,-1.2057599852070993,red
2019-08-18,0.21972078402366804,red
2019-08-25,0.14520155325443632,red
2019-09-01,-1.414894600591716,red
2019-09-08,-0.9822022928994104,red
2019-09-15,0.9360669378698222,red
2019-09-22,0.09952847633135967,red
2019-09-29,1.270201553254439,red
2019-10-06,0.6884707840236707,red
2019-10-13,0.6019323224852081,red
2019-10-20,1.0202015532544382,red
2019-10-27,1.6884707840236655,red
2019-11-03,0.10914386094674558,red
2019-11-10,0.279816937869824,red
2019-11-17,-0.804317677514791,red
2019-11-24,2.1187592455621296,red
2019-12-01,1.0586630917159765,red
2019-12-08,2.5081823224852053,red
2019-12-15,1.9577015532544364,red
2019-12-22,1.4024130917159765,red
2019-12-29,2.337509245562133,red
2020-01-05,0.5202015532544416,red
2020-01-12,0.7004900147929015,red
2020-01-19,1.1283746301775148,red
2020-01-26,0.5634707840236662,red
2020-02-02,0.4985669378698213,red
2020-02-09,2.686066937869821,red
2020-02-16,3.1283746301775137,red
2020-02-23,0.5754900147928997,red
2020-03-01,-0.7273946005917188,red
2020-03-08,-1.787490754437872,red
2020-03-15,-0.8355676775147928,red
2020-03-22,-1.6168176775147927,red
2020-03-29,-1.3980676775147944,red
2020-04-05,0.5586630917159755,red
2020-04-12,-0.24902921597633107,red
2020-04-19,-0.29950998520710115,red
2020-04-26,-0.5855676775147928,red
2020-05-03,0.12597078402366804,red
2020-05-10,-0.42210613905325356,red
2020-05-17,-0.2249907544378694,red
2020-05-24,-0.27066383136094607,red
2020-05-31,-0.607202292899407,red
2020-06-07,-0.051913831360945156,red
2020-06-14,-1.3788369082840208,red
2020-06-21,-1.460567677514789,red
2020-06-28,-2.547106139053253,red
2020-07-05,-1.6288369082840253,red
2020-07-12,-2.198548446745564,red
2020-07-19,-2.2634522928994105,red
2020-07-26,-2.3259522928994096,red
2020-08-02,-1.6408561390532534,red
2020-08-09,-1.2057599852070993,red
2020-08-16,0.21972078402366804,red
2020-08-23,0.14520155325443632,red
2020-08-30,-1.414894600591716,red
2020-09-06,-0.9822022928994104,red
2020-09-13,0.9360669378698222,red
2020-09-20,0.09952847633135967,red
2020-09-27,1.270201553254439,red
2020-10-04,0.6884707840236707,red
2020-10-11,0.6019323224852081,red
2020-10-18,1.0202015532544382,red
2020-10-25,1.6884707840236655,red
2020-11-01,0.10914386094674558,red
2020-11-08,0.279816937869824,red
2020-11-15,-0.804317677514791,red
2020-11-22,2.1187592455621296,red
2020-11-29,1.0586630917159765,red
2020-12-06,2.5081823224852053,red
2020-12-13,1.9577015532544364,red
2020-12-20,1.4024130917159765,red
2020-12-27,2.337509245562133,red
2021-01-03,0.5202015532544416,red
2021-01-10,0.7004900147929015,red
2021-01-17,1.1283746301775148,red
2021-01-24,0.5634707840236662,red
2021-01-31,0.4985669378698213,red
2021-02-07,2.686066937869821,red
2021-02-14,3.1283746301775137,red
2021-02-21,0.5754900147928997,red
2021-02-28,-0.7273946005917188,red
2021-03-07,-1.787490754437872,red
2021-03-14,-0.8355676775147928,red
2021-03-21,-1.6168176775147927,red
2021-03-28,-1.3980676775147944,red
2021-04-04,0.5586630917159755,red
2021-04-11,-0.24902921597633107,red
2021-04-18,-0.29950998520710115,red
2021-04-25,-0.5855676775147928,red
2021-05-02,0.12597078402366804,red
2021-05-09,-0.42210613905325356,red
2021-05-16,-0.2249907544378694,red
2021-05-23,-0.27066383136094607,red
2021-05-30,-0.607202292899407,red
2021-06-06,-0.051913831360945156,red
2021-06-13,-1.3788369082840208,red
2021-06-20,-1.460567677514789,red
2021-06-27,-2.547106139053253,red
2021-07-04,-1.6288369082840253,red
2021-07-11,-2.198548446745564,red
2021-07-18,-2.2634522928994105,red
2021-07-25,-2.3259522928994096,red
2021-08-01,-1.6408561390532534,red
2021-08-08,-1.2057599852070993,red
2021-08-15,0.21972078402366804,red
2021-08-22,0.14520155325443632,red
2021-08-29,-1.414894600591716,red
2021-09-05,-0.9822022928994104,red
2021-09-12,0.9360669378698222,red
2021-09-19,0.09952847633135967,red
2021-09-26,1.270201553254439,red
2021-10-03,0.6884707840236707,red
2021-10-10,0.6019323224852081,red
2021-10-17,1.0202015532544382,red
2021-10-24,1.6884707840236655,red
2021-10-31,0.10914386094674558,red
2021-11-07,0.279816937869824,red
2021-11-14,-0.804317677514791,red
2021-11-21,2.1187592455621296,red
2021-11-28,1.0586630917159765,red
2021-12-05,2.5081823224852053,red
2021-12-12,1.9577015532544364,red
2021-12-19,1.4024130917159765,red
2021-12-26,2.337509245562133,red
2022-01-02,0.5202015532544416,red
2022-01-09,0.7004900147929015,red
2022-01-16,1.1283746301775148,red
2022-01-23,0.5634707840236662,red
2022-01-30,0.4985669378698213,red
2022-02-06,2.686066937869821,red
2022-02-13,3.1283746301775137,red
2022-02-20,0.5754900147928997,red
2022-02-27,-0.7273946005917188,red
2022-03-06,-1.787490754437872,red
2022-03-13,-0.8355676775147928,red
2022-03-20,-1.6168176775147927,red
2022-03-27,-1.3980676775147944,red
2022-04-03,0.5586630917159755,red
2022-04-10,-0.24902921597633107,red
2022-04-17,-0.29950998520710115,red
2022-04-24,-0.5855676775147928,red
2022-05-01,0.12597078402366804,red
2022-05-08,-0.42210613905325356,red
2022-05-15,-0.2249907544378694,red
2022-05-22,-0.27066383136094607,red
2022-05-29,-0.607202292899407,red
2022-06-05,-0.051913831360945156,red
2022-06-12,-1.3788369082840208,red
2022-06-19,-1.460567677514789,red
2022-06-26,-2.547106139053253,red
2022-07-03,-1.6288369082840253,red
2022-07-10,-2.198548446745564,red
2022-07-17,-2.2634522928994105,red
2022-07-24,-2.3259522928994096,red
2022-07-31,-1.6408561390532534,red
2022-08-07,-1.2057599852070993,red
2022-08-14,0.21972078402366804,red
2022-08-21,0.14520155325443632,red
2022-08-28,-1.414894600591716,red
2022-09-04,-0.9822022928994104,red
2022-09-11,0.9360669378698222,red
2022-09-18,0.09952847633135967,red
2022-09-25,1.270201553254439,red
2022-10-02,0.6884707840236707,red
2022-10-09,0.6019323224852081,red
2022-10-16,1.0202015532544382,red
2022-10-23,1.6884707840236655,red
2022-10-30,0.10914386094674558,red
2022-11-06,0.279816937869824,red
2022-11-13,-0.804317677514791,red
2022-11-20,2.1187592455621296,red
2022-11-27,1.0586630917159765,red
2022-12-04,2.5081823224852053,red
2022-12-11,1.9577015532544364,red
2022-12-18,1.4024130917159765,red
2022-12-25,2.337509245562133,red
2023-01-01,0.5202015532544416,red
2023-01-08,0.7004900147929015,red
2023-01-15,1.1283746301775148,red
2023-01-22,0.5634707840236662,red
2023-01-29,0.4985669378698213,red
2023-02-05,2.686066937869821,red
2023-02-12,3.1283746301775137,red
2023-02-19,0.5754900147928997,red
2023-02-26,-0.7273946005917188,red
2023-03-05,-1.787490754437872,red
2023-03-12,-0.8355676775147928,red
2023-03-19,-1.6168176775147927,red
2023-03-26,-1.3980676775147944,red
2023-04-02,0.5586630917159755,red
2023-04-09,-0.24902921597633107,red
2023-04-16,-0.29950998520710115,red
2023-04-23,-0.5855676775147928,red
2023-04-30,0.12597078402366804,red
2023-05-07,-0.42210613905325356,red
2023-05-14,-0.2249907544378694,red
2023-05-21,-0.27066383136094607,red
2023-05-28,-0.607202292899407,red
2023-06-04,-0.051913831360945156,red
2023-06-11,-1.3788369082840208,red
2023-06-18,-1.460567677514789,red
2023-06-25,-2.547106139053253,red
2023-07-02,-1.6288369082840253,red
2023-07-09,-2.198548446745564,red
2023-07-16,-2.2634522928994105,red
2023-07-23,-2.3259522928994096,red
2023-07-30,-1.6408561390532534,red
2023-08-06,-1.2057599852070993,red
2023-08-13,0.21972078402366804,red
2023-08-20,0.14520155325443632,red
2023-08-27,-1.414894600591716,red
2023-09-03,-0.9822022928994104,red
2023-09-10,0.9360669378698222,red
2023-09-17,0.09952847633135967,red
2023-09-24,1.270201553254439,red
2023-10-01,0.6884707840236707,red
2023-10-08,0.6019323224852081,red
2023-10-15,1.0202015532544382,red
2023-10-22,1.6884707840236655,red
2023-10-29,0.10914386094674558,red
2023-11-05,0.279816937869824,red
2023-11-12,-0.804317677514791,red
2023-11-19,2.1187592455621296,red
2023-11-26,1.0586630917159765,red
2018-12-02,-0.8227440828402335,blue
2018-12-09,0.3791789940828423,blue
2018-12-16,-0.4164940828402335,blue
2018-12-23,-0.7121671597633119,blue
2018-12-30,3.239755917159763,blue
2019-01-06,2.1844674556213004,blue
2019-01-13,-0.12322485207100708,blue
2019-01-20,0.32148668639053124,blue
2019-01-27,0.2782174556213013,blue
2019-02-03,0.2421597633136079,blue
2019-02-10,-0.5535133136094696,blue
2019-02-17,-0.10159023668639211,blue
2019-02-24,0.10033284023668543,blue
2019-03-03,-0.23620562130177358,blue
2019-03-10,-2.5727440828402344,blue
2019-03-17,-1.8708210059171604,blue
2019-03-24,-1.418897928994082,blue
2019-03-31,-0.7169748520710062,blue
2019-04-07,-0.017455621301778024,blue
2019-04-14,-0.5703402366863903,blue
2019-04-21,0.38158284023668454,blue
2019-04-28,-0.16649408284023703,blue
2019-05-05,0.533025147928992,blue
2019-05-12,0.48494822485207134,blue
2019-05-19,0.9368713017751462,blue
2019-05-26,0.383986686390533,blue
2019-06-02,-0.12659023668638855,blue
2019-06-09,0.05706360946745548,blue
2019-06-16,-0.003032544378696045,blue
2019-06-23,0.1916789940828405,blue
2019-06-30,0.8695636094674555,blue
2019-07-07,0.280621301775148,blue
2019-07-14,0.45610207100591627,blue
2019-07-21,-0.11601331360946787,blue
2019-07-28,0.5594674556213004,blue
2019-08-04,1.9825443786982264,blue
2019-08-11,1.9080251479289947,blue
2019-08-18,1.593121301775148,blue
2019-08-25,1.033025147928993,blue
2019-09-01,-0.03187869822485201,blue
2019-09-08,-0.3443786982248529,blue
2019-09-15,-0.9020710059171586,blue
2019-09-22,-0.2169748520710062,blue
2019-09-29,-0.27707100591716216,blue
2019-10-06,-0.8419748520710062,blue
2019-10-13,-0.41649408284023437,blue
2019-10-20,-0.7386094674556203,blue
2019-10-27,-2.0559171597633137,blue
2019-11-03,-1.113609467455622,blue
2019-11-10,-0.666494082840237,blue
2019-11-17,-0.7217825443786978,blue
2019-11-24,0.475332840236689,blue
2019-12-01,-0.8227440828402335,blue
2019-12-08,0.3791789940828423,blue
2019-12-15,-0.4164940828402335,blue
2019-12-22,-0.7121671597633119,blue
2019-12-29,3.239755917159763,blue
2020-01-05,2.1844674556213004,blue
2020-01-12,-0.12322485207100708,blue
2020-01-19,0.32148668639053124,blue
2020-01-26,0.2782174556213013,blue
2020-02-02,0.2421597633136079,blue
2020-02-09,-0.5535133136094696,blue
2020-02-16,-0.10159023668639211,blue
2020-02-23,0.10033284023668543,blue
2020-03-01,-0.23620562130177358,blue
2020-03-08,-2.5727440828402344,blue
2020-03-15,-1.8708210059171604,blue
2020-03-22,-1.418897928994082,blue
2020-03-29,-0.7169748520710062,blue
2020-04-05,-0.017455621301778024,blue
2020-04-12,-0.5703402366863903,blue
2020-04-19,0.38158284023668454,blue
2020-04-26,-0.16649408284023703,blue
2020-05-03,0.533025147928992,blue
2020-05-10,0.48494822485207134,blue
2020-05-17,0.9368713017751462,blue
2020-05-24,0.383986686390533,blue
2020-05-31,-0.12659023668638855,blue
2020-06-07,0.05706360946745548,blue
2020-06-14,-0.003032544378696045,blue
2020-06-21,0.1916789940828405,blue
2020-06-28,0.8695636094674555,blue
2020-07-05,0.280621301775148,blue
2020-07-12,0.45610207100591627,blue
2020-07-19,-0.11601331360946787,blue
2020-07-26,0.5594674556213004,blue
2020-08-02,1.9825443786982264,blue
2020-08-09,1.9080251479289947,blue
2020-08-16,1.593121301775148,blue
2020-08-23,1.033025147928993,blue
2020-08-30,-0.03187869822485201,blue
2020-09-06,-0.3443786982248529,blue
2020-09-13,-0.9020710059171586,blue
2020-09-20,-0.2169748520710062,blue
2020-09-27,-0.27707100591716216,blue
2020-10-04,-0.8419748520710062,blue
2020-10-11,-0.41649408284023437,blue
2020-10-18,-0.7386094674556203,blue
2020-10-25,-2.0559171597633137,blue
2020-11-01,-1.113609467455622,blue
2020-11-08,-0.666494082840237,blue
2020-11-15,-0.7217825443786978,blue
2020-11-22,0.475332840236689,blue
2020-11-29,-0.8227440828402335,blue
2020-12-06,0.3791789940828423,blue
2020-12-13,-0.4164940828402335,blue
2020-12-20,-0.7121671597633119,blue
2020-12-27,3.239755917159763,blue
2021-01-03,2.1844674556213004,blue
2021-01-10,-0.12322485207100708,blue
2021-01-17,0.32148668639053124,blue
2021-01-24,0.2782174556213013,blue
2021-01-31,0.2421597633136079,blue
2021-02-07,-0.5535133136094696,blue
2021-02-14,-0.10159023668639211,blue
2021-02-21,0.10033284023668543,blue
2021-02-28,-0.23620562130177358,blue
2021-03-07,-2.5727440828402344,blue
2021-03-14,-1.8708210059171604,blue
2021-03-21,-1.418897928994082,blue
2021-03-28,-0.7169748520710062,blue
2021-04-04,-0.017455621301778024,blue
2021-04-11,-0.5703402366863903,blue
2021-04-18,0.38158284023668454,blue
2021-04-25,-0.16649408284023703,blue
2021-05-02,0.533025147928992,blue
2021-05-09,0.48494822485207134,blue
2021-05-16,0.9368713017751462,blue
2021-05-23,0.383986686390533,blue
2021-05-30,-0.12659023668638855,blue
2021-06-06,0.05706360946745548,blue
2021-06-13,-0.003032544378696045,blue
2021-06-20,0.1916789940828405,blue
2021-06-27,0.8695636094674555,blue
2021-07-04,0.280621301775148,blue
2021-07-11,0.45610207100591627,blue
2021-07-18,-0.11601331360946787,blue
2021-07-25,0.5594674556213004,blue
2021-08-01,1.9825443786982264,blue
2021-08-08,1.9080251479289947,blue
2021-08-15,1.593121301775148,blue
2021-08-22,1.033025147928993,blue
2021-08-29,-0.03187869822485201,blue
2021-09-05,-0.3443786982248529,blue
2021-09-12,-0.9020710059171586,blue
2021-09-19,-0.2169748520710062,blue
2021-09-26,-0.27707100591716216,blue
2021-10-03,-0.8419748520710062,blue
2021-10-10,-0.41649408284023437,blue
2021-10-17,-0.7386094674556203,blue
2021-10-24,-2.0559171597633137,blue
2021-10-31,-1.113609467455622,blue
2021-11-07,-0.666494082840237,blue
2021-11-14,-0.7217825443786978,blue
2021-11-21,0.475332840236689,blue
2021-11-28,-0.8227440828402335,blue
2021-12-05,0.3791789940828423,blue
2021-12-12,-0.4164940828402335,blue
2021-12-19,-0.7121671597633119,blue
2021-12-26,3.239755917159763,blue
2022-01-02,2.1844674556213004,blue
2022-01-09,-0.12322485207100708,blue
2022-01-16,0.32148668639053124,blue
2022-01-23,0.2782174556213013,blue
2022-01-30,0.2421597633136079,blue
2022-02-06,-0.5535133136094696,blue
2022-02-13,-0.10159023668639211,blue
2022-02-20,0.10033284023668543,blue
2022-02-27,-0.23620562130177358,blue
2022-03-06,-2.5727440828402344,blue
2022-03-13,-1.8708210059171604,blue
2022-03-20,-1.418897928994082,blue
2022-03-27,-0.7169748520710062,blue
2022-04-03,-0.017455621301778024,blue
2022-04-10,-0.5703402366863903,blue
2022-04-17,0.38158284023668454,blue
2022-04-24,-0.16649408284023703,blue
2022-05-01,0.533025147928992,blue
2022-05-08,0.48494822485207134,blue
2022-05-15,0.9368713017751462,blue
2022-05-22,0.383986686390533,blue
2022-05-29,-0.12659023668638855,blue
2022-06-05,0.05706360946745548,blue
2022-06-12,-0.003032544378696045,blue
2022-06-19,0.1916789940828405,blue
2022-06-26,0.8695636094674555,blue
2022-07-03,0.280621301775148,blue
2022-07-10,0.45610207100591627,blue
2022-07-17,-0.11601331360946787,blue
2022-07-24,0.5594674556213004,blue
2022-07-31,1.9825443786982264,blue
2022-08-07,1.9080251479289947,blue
2022-08-14,1.593121301775148,blue
2022-08-21,1.033025147928993,blue
2022-08-28,-0.03187869822485201,blue
2022-09-04,-0.3443786982248529,blue
2022-09-11,-0.9020710059171586,blue
2022-09-18,-0.2169748520710062,blue
2022-09-25,-0.27707100591716216,blue
2022-10-02,-0.8419748520710062,blue
2022-10-09,-0.41649408284023437,blue
2022-10-16,-0.7386094674556203,blue
2022-10-23,-2.0559171597633137,blue
2022-10-30,-1.113609467455622,blue
2022-11-06,-0.666494082840237,blue
2022-11-13,-0.7217825443786978,blue
2022-11-20,0.475332840236689,blue
2022-11-27,-0.8227440828402335,blue
2022-12-04,0.3791789940828423,blue
2022-12-11,-0.4164940828402335,blue
2022-12-18,-0.7121671597633119,blue
2022-12-25,3.239755917159763,blue
2023-01-01,2.1844674556213004,blue
2023-01-08,-0.12322485207100708,blue
2023-01-15,0.32148668639053124,blue
2023-01-22,0.2782174556213013,blue
2023-01-29,0.2421597633136079,blue
2023-02-05,-0.5535133136094696,blue
2023-02-12,-0.10159023668639211,blue
2023-02-19,0.10033284023668543,blue
2023-02-26,-0.23620562130177358,blue
2023-03-05,-2.5727440828402344,blue
2023-03-12,-1.8708210059171604,blue
2023-03-19,-1.418897928994082,blue
2023-03-26,-0.7169748520710062,blue
2023-04-02,-0.017455621301778024,blue
2023-04-09,-0.5703402366863903,blue
2023-04-16,0.38158284023668454,blue
2023-04-23,-0.16649408284023703,blue
2023-04-30,0.533025147928992,blue
2023-05-07,0.48494822485207134,blue
2023-05-14,0.9368713017751462,blue
2023-05-21,0.383986686390533,blue
2023-05-28,-0.12659023668638855,blue
2023-06-04,0.05706360946745548,blue
2023-06-11,-0.003032544378696045,blue
2023-06-18,0.1916789940828405,blue
2023-06-25,0.8695636094674555,blue
2023-07-02,0.280621301775148,blue
2023-07-09,0.45610207100591627,blue
2023-07-16,-0.11601331360946787,blue
2023-07-23,0.5594674556213004,blue
2023-07-30,1.9825443786982264,blue
2023-08-06,1.9080251479289947,blue
2023-08-13,1.593121301775148,blue
2023-08-20,1.033025147928993,blue
2023-08-27,-0.03187869822485201,blue
2023-09-03,-0.3443786982248529,blue
2023-09-10,-0.9020710059171586,blue
2023-09-17,-0.2169748520710062,blue
2023-09-24,-0.27707100591716216,blue
2023-10-01,-0.8419748520710062,blue
2023-10-08,-0.41649408284023437,blue
2023-10-15,-0.7386094674556203,blue
2023-10-22,-2.0559171597633137,blue
2023-10-29,-1.113609467455622,blue
2023-11-05,-0.666494082840237,blue
2023-11-12,-0.7217825443786978,blue
2023-11-19,0.475332840236689,blue
2023-11-26,-0.8227440828402335,blue
