date,seasonal,type
2018-12-16,6.261433678500988,shirt
2018-12-23,4.672491370808678,shirt
2018-12-30,11.090760601577912,shirt
2019-01-06,2.0522990631163682,shirt
2019-01-13,-5.755393244575939,shirt
2019-01-20,-11.313085552268245,shirt
2019-01-27,-8.856354783037474,shirt
2019-02-03,-8.192893244575941,shirt
2019-02-10,-2.5390470907297815,shirt
2019-02-17,-5.885200936883632,shirt
2019-02-24,-7.212124013806702,shirt
2019-03-03,-7.755393244575935,shirt
2019-03-10,-8.541450936883624,shirt
2019-03-17,-9.805874013806704,shirt
2019-03-24,-10.313085552268245,shirt
2019-03-31,-6.327508629191322,shirt
2019-04-07,-5.582316321499019,shirt
2019-04-14,-3.844335552268245,shirt
2019-04-21,1.131625986193288,shirt
2019-04-28,-1.6496240138067013,shirt
2019-05-05,2.0691259861933005,shirt
2019-05-12,6.31672214003945,shirt
2019-05-19,6.552299063116375,shirt
2019-05-26,2.023452909270222,shirt
2019-06-02,5.513837524654833,shirt
2019-06-09,4.263036242603554,shirt
2019-06-16,6.494606755424058,shirt
2019-06-23,6.552299063116364,shirt
2019-06-30,7.581145216962519,shirt
2019-07-07,7.064318293885601,shirt
2019-07-14,3.3191259861932934,shirt
2019-07-21,5.07874137080868,shirt
2019-07-28,2.3191259861932916,shirt
2019-08-04,2.3191259861932934,shirt
2019-08-11,2.5811452169625233,shirt
2019-08-18,3.3383567554240545,shirt
2019-08-25,1.8840298323471383,shirt
2019-09-01,-0.3058740138067067,shirt
2019-09-08,0.9994144477317604,shirt
2019-09-15,-0.5126047830374767,shirt
2019-09-22,-1.0751047830374785,shirt
2019-09-29,-0.5991432445759348,shirt
2019-10-06,1.14604906311637,shirt
2019-10-13,0.9080682938856017,shirt
2019-10-20,1.6508567554240687,shirt
2019-10-27,1.1099913708086784,shirt
2019-11-03,-3.1616432445759366,shirt
2019-11-10,-2.3924124753451594,shirt
2019-11-17,-1.3876047830374767,shirt
2019-11-24,3.083549063116372,shirt
2019-12-01,0.07152983234714355,shirt
2019-12-08,3.5595106015779012,shirt
2019-12-15,6.261433678500988,shirt
2019-12-22,4.672491370808678,shirt
2019-12-29,11.090760601577912,shirt
2020-01-05,2.0522990631163682,shirt
2020-01-12,-5.755393244575939,shirt
2020-01-19,-11.313085552268245,shirt
2020-01-26,-8.856354783037474,shirt
2020-02-02,-8.192893244575941,shirt
2020-02-09,-2.5390470907297815,shirt
2020-02-16,-5.885200936883632,shirt
2020-02-23,-7.212124013806702,shirt
2020-03-01,-7.755393244575935,shirt
2020-03-08,-8.541450936883624,shirt
2020-03-15,-9.805874013806704,shirt
2020-03-22,-10.313085552268245,shirt
2020-03-29,-6.327508629191322,shirt
2020-04-05,-5.582316321499019,shirt
2020-04-12,-3.844335552268245,shirt
2020-04-19,1.131625986193288,shirt
2020-04-26,-1.6496240138067013,shirt
2020-05-03,2.0691259861933005,shirt
2020-05-10,6.31672214003945,shirt
2020-05-17,6.552299063116375,shirt
2020-05-24,2.023452909270222,shirt
2020-05-31,5.513837524654833,shirt
2020-06-07,4.263036242603554,shirt
2020-06-14,6.494606755424058,shirt
2020-06-21,6.552299063116364,shirt
2020-06-28,7.581145216962519,shirt
2020-07-05,7.064318293885601,shirt
2020-07-12,3.3191259861932934,shirt
2020-07-19,5.07874137080868,shirt
2020-07-26,2.3191259861932916,shirt
2020-08-02,2.3191259861932934,shirt
2020-08-09,2.5811452169625233,shirt
2020-08-16,3.3383567554240545,shirt
2020-08-23,1.8840298323471383,shirt
2020-08-30,-0.3058740138067067,shirt
2020-09-06,0.9994144477317604,shirt
2020-09-13,-0.5126047830374767,shirt
2020-09-20,-1.0751047830374785,shirt
2020-09-27,-0.5991432445759348,shirt
2020-10-04,1.14604906311637,shirt
2020-10-11,0.9080682938856017,shirt
2020-10-18,1.6508567554240687,shirt
2020-10-25,1.1099913708086784,shirt
2020-11-01,-3.1616432445759366,shirt
2020-11-08,-2.3924124753451594,shirt
2020-11-15,-1.3876047830374767,shirt
2020-11-22,3.083549063116372,shirt
2020-11-29,0.07152983234714355,shirt
2020-12-06,3.5595106015779012,shirt
2020-12-13,6.261433678500988,shirt
2020-12-20,4.672491370808678,shirt
2020-12-27,11.090760601577912,shirt
2021-01-03,2.0522990631163682,shirt
2021-01-10,-5.755393244575939,shirt
2021-01-17,-11.313085552268245,shirt
2021-01-24,-8.856354783037474,shirt
2021-01-31,-8.192893244575941,shirt
2021-02-07,-2.5390470907297815,shirt
2021-02-14,-5.885200936883632,shirt
2021-02-21,-7.212124013806702,shirt
2021-02-28,-7.755393244575935,shirt
2021-03-07,-8.541450936883624,shirt
2021-03-14,-9.805874013806704,shirt
2021-03-21,-10.313085552268245,shirt
2021-03-28,-6.327508629191322,shirt
2021-04-04,-5.582316321499019,shirt
2021-04-11,-3.844335552268245,shirt
2021-04-18,1.131625986193288,shirt
2021-04-25,-1.6496240138067013,shirt
2021-05-02,2.0691259861933005,shirt
2021-05-09,6.31672214003945,shirt
2021-05-16,6.552299063116375,shirt
2021-05-23,2.023452909270222,shirt
2021-05-30,5.513837524654833,shirt
2021-06-06,4.263036242603554,shirt
2021-06-13,6.494606755424058,shirt
2021-06-20,6.552299063116364,shirt
2021-06-27,7.581145216962519,shirt
2021-07-04,7.064318293885601,shirt
2021-07-11,3.3191259861932934,shirt
2021-07-18,5.07874137080868,shirt
2021-07-25,2.3191259861932916,shirt
2021-08-01,2.3191259861932934,shirt
2021-08-08,2.5811452169625233,shirt
2021-08-15,3.3383567554240545,shirt
2021-08-22,1.8840298323471383,shirt
2021-08-29,-0.3058740138067067,shirt
2021-09-05,0.9994144477317604,shirt
2021-09-12,-0.5126047830374767,shirt
2021-09-19,-1.0751047830374785,shirt
2021-09-26,-0.5991432445759348,shirt
2021-10-03,1.14604906311637,shirt
2021-10-10,0.9080682938856017,shirt
2021-10-17,1.6508567554240687,shirt
2021-10-24,1.1099913708086784,shirt
2021-10-31,-3.1616432445759366,shirt
2021-11-07,-2.3924124753451594,shirt
2021-11-14,-1.3876047830374767,shirt
2021-11-21,3.083549063116372,shirt
2021-11-28,0.07152983234714355,shirt
2021-12-05,3.5595106015779012,shirt
2021-12-12,6.261433678500988,shirt
2021-12-19,4.672491370808678,shirt
2021-12-26,11.090760601577912,shirt
2022-01-02,2.0522990631163682,shirt
2022-01-09,-5.755393244575939,shirt
2022-01-16,-11.313085552268245,shirt
2022-01-23,-8.856354783037474,shirt
2022-01-30,-8.192893244575941,shirt
2022-02-06,-2.5390470907297815,shirt
2022-02-13,-5.885200936883632,shirt
2022-02-20,-7.212124013806702,shirt
2022-02-27,-7.755393244575935,shirt
2022-03-06,-8.541450936883624,shirt
2022-03-13,-9.805874013806704,shirt
2022-03-20,-10.313085552268245,shirt
2022-03-27,-6.327508629191322,shirt
2022-04-03,-5.582316321499019,shirt
2022-04-10,-3.844335552268245,shirt
2022-04-17,1.131625986193288,shirt
2022-04-24,-1.6496240138067013,shirt
2022-05-01,2.0691259861933005,shirt
2022-05-08,6.31672214003945,shirt
2022-05-15,6.552299063116375,shirt
2022-05-22,2.023452909270222,shirt
2022-05-29,5.513837524654833,shirt
2022-06-05,4.263036242603554,shirt
2022-06-12,6.494606755424058,shirt
2022-06-19,6.552299063116364,shirt
2022-06-26,7.581145216962519,shirt
2022-07-03,7.064318293885601,shirt
2022-07-10,3.3191259861932934,shirt
2022-07-17,5.07874137080868,shirt
2022-07-24,2.3191259861932916,shirt
2022-07-31,2.3191259861932934,shirt
2022-08-07,2.5811452169625233,shirt
2022-08-14,3.3383567554240545,shirt
2022-08-21,1.8840298323471383,shirt
2022-08-28,-0.3058740138067067,shirt
2022-09-04,0.9994144477317604,shirt
2022-09-11,-0.5126047830374767,shirt
2022-09-18,-1.0751047830374785,shirt
2022-09-25,-0.5991432445759348,shirt
2022-10-02,1.14604906311637,shirt
2022-10-09,0.9080682938856017,shirt
2022-10-16,1.6508567554240687,shirt
2022-10-23,1.1099913708086784,shirt
2022-10-30,-3.1616432445759366,shirt
2022-11-06,-2.3924124753451594,shirt
2022-11-13,-1.3876047830374767,shirt
2022-11-20,3.083549063116372,shirt
2022-11-27,0.07152983234714355,shirt
2022-12-04,3.5595106015779012,shirt
2022-12-11,6.261433678500988,shirt
2022-12-18,4.672491370808678,shirt
2022-12-25,11.090760601577912,shirt
2023-01-01,2.0522990631163682,shirt
2023-01-08,-5.755393244575939,shirt
2023-01-15,-11.313085552268245,shirt
2023-01-22,-8.856354783037474,shirt
2023-01-29,-8.192893244575941,shirt
2023-02-05,-2.5390470907297815,shirt
2023-02-12,-5.885200936883632,shirt
2023-02-19,-7.212124013806702,shirt
2023-02-26,-7.755393244575935,shirt
2023-03-05,-8.541450936883624,shirt
2023-03-12,-9.805874013806704,shirt
2023-03-19,-10.313085552268245,shirt
2023-03-26,-6.327508629191322,shirt
2023-04-02,-5.582316321499019,shirt
2023-04-09,-3.844335552268245,shirt
2023-04-16,1.131625986193288,shirt
2023-04-23,-1.6496240138067013,shirt
2023-04-30,2.0691259861933005,shirt
2023-05-07,6.31672214003945,shirt
2023-05-14,6.552299063116375,shirt
2023-05-21,2.023452909270222,shirt
2023-05-28,5.513837524654833,shirt
2023-06-04,4.263036242603554,shirt
2023-06-11,6.494606755424058,shirt
2023-06-18,6.552299063116364,shirt
2023-06-25,7.581145216962519,shirt
2023-07-02,7.064318293885601,shirt
2023-07-09,3.3191259861932934,shirt
2023-07-16,5.07874137080868,shirt
2023-07-23,2.3191259861932916,shirt
2023-07-30,2.3191259861932934,shirt
2023-08-06,2.5811452169625233,shirt
2023-08-13,3.3383567554240545,shirt
2023-08-20,1.8840298323471383,shirt
2023-08-27,-0.3058740138067067,shirt
2023-09-03,0.9994144477317604,shirt
2023-09-10,-0.5126047830374767,shirt
2023-09-17,-1.0751047830374785,shirt
2023-09-24,-0.5991432445759348,shirt
2023-10-01,1.14604906311637,shirt
2023-10-08,0.9080682938856017,shirt
2023-10-15,1.6508567554240687,shirt
2023-10-22,1.1099913708086784,shirt
2023-10-29,-3.1616432445759366,shirt
2023-11-05,-2.3924124753451594,shirt
2023-11-12,-1.3876047830374767,shirt
2023-11-19,3.083549063116372,shirt
2023-11-26,0.07152983234714355,shirt
2018-12-16,0.6669594428007891,sweatshirt
2018-12-23,0.6669594428007891,sweatshirt
2018-12-30,0.6669594428007891,sweatshirt
2019-01-06,0.6669594428007891,sweatshirt
2019-01-13,0.41695944280078906,sweatshirt
2019-01-20,0.4169594428007891,sweatshirt
2019-01-27,-0.08063671104536473,sweatshirt
2019-02-03,-0.3282328648915186,sweatshirt
2019-02-10,-0.3282328648915186,sweatshirt
2019-02-17,-0.07823286489151864,sweatshirt
2019-02-24,-0.07823286489151858,sweatshirt
2019-03-03,-0.07823286489151864,sweatshirt
2019-03-10,-0.07823286489151864,sweatshirt
2019-03-17,-0.07823286489151864,sweatshirt
2019-03-24,-0.0758290187376726,sweatshirt
2019-03-31,-0.07102132642998031,sweatshirt
2019-04-07,-0.06621363412228813,sweatshirt
2019-04-14,-0.31140594181459585,sweatshirt
2019-04-21,-0.3090020956607496,sweatshirt
2019-04-28,-0.3090020956607497,sweatshirt
2019-05-05,-0.3090020956607497,sweatshirt
2019-05-12,-0.3090020956607497,sweatshirt
2019-05-19,-0.30900209566074976,sweatshirt
2019-05-26,-0.3090020956607498,sweatshirt
2019-06-02,-0.3090020956607498,sweatshirt
2019-06-09,-0.3442585059171601,sweatshirt
2019-06-16,-0.9315982495069034,sweatshirt
2019-06-23,-0.6840020956607494,sweatshirt
2019-06-30,-0.6864059418145957,sweatshirt
2019-07-07,-0.6888097879684419,sweatshirt
2019-07-14,-0.691213634122288,sweatshirt
2019-07-21,-0.6960213264299804,sweatshirt
2019-07-28,-0.44602132642998055,sweatshirt
2019-08-04,-0.688809787968442,sweatshirt
2019-08-11,-0.6791944033530571,sweatshirt
2019-08-18,-0.6575597879684415,sweatshirt
2019-08-25,-0.3666944033530571,sweatshirt
2019-09-01,-0.3234251725838263,sweatshirt
2019-09-08,-0.2849636341222878,sweatshirt
2019-09-15,0.0034979043392505266,sweatshirt
2019-09-22,1.291959442800789,sweatshirt
2019-09-29,1.3304209812623273,sweatshirt
2019-10-06,1.1188825197238659,sweatshirt
2019-10-13,0.402536365877712,sweatshirt
2019-10-20,0.416959442800789,sweatshirt
2019-10-27,0.416959442800789,sweatshirt
2019-11-03,0.4169594428007891,sweatshirt
2019-11-10,0.6669594428007891,sweatshirt
2019-11-17,0.6669594428007891,sweatshirt
2019-11-24,0.6669594428007892,sweatshirt
2019-12-01,0.4169594428007891,sweatshirt
2019-12-08,0.6669594428007892,sweatshirt
2019-12-15,0.6669594428007891,sweatshirt
2019-12-22,0.6669594428007891,sweatshirt
2019-12-29,0.6669594428007891,sweatshirt
2020-01-05,0.6669594428007891,sweatshirt
2020-01-12,0.41695944280078906,sweatshirt
2020-01-19,0.4169594428007891,sweatshirt
2020-01-26,-0.08063671104536473,sweatshirt
2020-02-02,-0.3282328648915186,sweatshirt
2020-02-09,-0.3282328648915186,sweatshirt
2020-02-16,-0.07823286489151864,sweatshirt
2020-02-23,-0.07823286489151858,sweatshirt
2020-03-01,-0.07823286489151864,sweatshirt
2020-03-08,-0.07823286489151864,sweatshirt
2020-03-15,-0.07823286489151864,sweatshirt
2020-03-22,-0.0758290187376726,sweatshirt
2020-03-29,-0.07102132642998031,sweatshirt
2020-04-05,-0.06621363412228813,sweatshirt
2020-04-12,-0.31140594181459585,sweatshirt
2020-04-19,-0.3090020956607496,sweatshirt
2020-04-26,-0.3090020956607497,sweatshirt
2020-05-03,-0.3090020956607497,sweatshirt
2020-05-10,-0.3090020956607497,sweatshirt
2020-05-17,-0.30900209566074976,sweatshirt
2020-05-24,-0.3090020956607498,sweatshirt
2020-05-31,-0.3090020956607498,sweatshirt
2020-06-07,-0.3442585059171601,sweatshirt
2020-06-14,-0.9315982495069034,sweatshirt
2020-06-21,-0.6840020956607494,sweatshirt
2020-06-28,-0.6864059418145957,sweatshirt
2020-07-05,-0.6888097879684419,sweatshirt
2020-07-12,-0.691213634122288,sweatshirt
2020-07-19,-0.6960213264299804,sweatshirt
2020-07-26,-0.44602132642998055,sweatshirt
2020-08-02,-0.688809787968442,sweatshirt
2020-08-09,-0.6791944033530571,sweatshirt
2020-08-16,-0.6575597879684415,sweatshirt
2020-08-23,-0.3666944033530571,sweatshirt
2020-08-30,-0.3234251725838263,sweatshirt
2020-09-06,-0.2849636341222878,sweatshirt
2020-09-13,0.0034979043392505266,sweatshirt
2020-09-20,1.291959442800789,sweatshirt
2020-09-27,1.3304209812623273,sweatshirt
2020-10-04,1.1188825197238659,sweatshirt
2020-10-11,0.402536365877712,sweatshirt
2020-10-18,0.416959442800789,sweatshirt
2020-10-25,0.416959442800789,sweatshirt
2020-11-01,0.4169594428007891,sweatshirt
2020-11-08,0.6669594428007891,sweatshirt
2020-11-15,0.6669594428007891,sweatshirt
2020-11-22,0.6669594428007892,sweatshirt
2020-11-29,0.4169594428007891,sweatshirt
2020-12-06,0.6669594428007892,sweatshirt
2020-12-13,0.6669594428007891,sweatshirt
2020-12-20,0.6669594428007891,sweatshirt
2020-12-27,0.6669594428007891,sweatshirt
2021-01-03,0.6669594428007891,sweatshirt
2021-01-10,0.41695944280078906,sweatshirt
2021-01-17,0.4169594428007891,sweatshirt
2021-01-24,-0.08063671104536473,sweatshirt
2021-01-31,-0.3282328648915186,sweatshirt
2021-02-07,-0.3282328648915186,sweatshirt
2021-02-14,-0.07823286489151864,sweatshirt
2021-02-21,-0.07823286489151858,sweatshirt
2021-02-28,-0.07823286489151864,sweatshirt
2021-03-07,-0.07823286489151864,sweatshirt
2021-03-14,-0.07823286489151864,sweatshirt
2021-03-21,-0.0758290187376726,sweatshirt
2021-03-28,-0.07102132642998031,sweatshirt
2021-04-04,-0.06621363412228813,sweatshirt
2021-04-11,-0.31140594181459585,sweatshirt
2021-04-18,-0.3090020956607496,sweatshirt
2021-04-25,-0.3090020956607497,sweatshirt
2021-05-02,-0.3090020956607497,sweatshirt
2021-05-09,-0.3090020956607497,sweatshirt
2021-05-16,-0.30900209566074976,sweatshirt
2021-05-23,-0.3090020956607498,sweatshirt
2021-05-30,-0.3090020956607498,sweatshirt
2021-06-06,-0.3442585059171601,sweatshirt
2021-06-13,-0.9315982495069034,sweatshirt
2021-06-20,-0.6840020956607494,sweatshirt
2021-06-27,-0.6864059418145957,sweatshirt
2021-07-04,-0.6888097879684419,sweatshirt
2021-07-11,-0.691213634122288,sweatshirt
2021-07-18,-0.6960213264299804,sweatshirt
2021-07-25,-0.44602132642998055,sweatshirt
2021-08-01,-0.688809787968442,sweatshirt
2021-08-08,-0.6791944033530571,sweatshirt
2021-08-15,-0.6575597879684415,sweatshirt
2021-08-22,-0.3666944033530571,sweatshirt
2021-08-29,-0.3234251725838263,sweatshirt
2021-09-05,-0.2849636341222878,sweatshirt
2021-09-12,0.0034979043392505266,sweatshirt
2021-09-19,1.291959442800789,sweatshirt
2021-09-26,1.3304209812623273,sweatshirt
2021-10-03,1.1188825197238659,sweatshirt
2021-10-10,0.402536365877712,sweatshirt
2021-10-17,0.416959442800789,sweatshirt
2021-10-24,0.416959442800789,sweatshirt
2021-10-31,0.4169594428007891,sweatshirt
2021-11-07,0.6669594428007891,sweatshirt
2021-11-14,0.6669594428007891,sweatshirt
2021-11-21,0.6669594428007892,sweatshirt
2021-11-28,0.4169594428007891,sweatshirt
2021-12-05,0.6669594428007892,sweatshirt
2021-12-12,0.6669594428007891,sweatshirt
2021-12-19,0.6669594428007891,sweatshirt
2021-12-26,0.6669594428007891,sweatshirt
2022-01-02,0.6669594428007891,sweatshirt
2022-01-09,0.41695944280078906,sweatshirt
2022-01-16,0.4169594428007891,sweatshirt
2022-01-23,-0.08063671104536473,sweatshirt
2022-01-30,-0.3282328648915186,sweatshirt
2022-02-06,-0.3282328648915186,sweatshirt
2022-02-13,-0.07823286489151864,sweatshirt
2022-02-20,-0.07823286489151858,sweatshirt
2022-02-27,-0.07823286489151864,sweatshirt
2022-03-06,-0.07823286489151864,sweatshirt
2022-03-13,-0.07823286489151864,sweatshirt
2022-03-20,-0.0758290187376726,sweatshirt
2022-03-27,-0.07102132642998031,sweatshirt
2022-04-03,-0.06621363412228813,sweatshirt
2022-04-10,-0.31140594181459585,sweatshirt
2022-04-17,-0.3090020956607496,sweatshirt
2022-04-24,-0.3090020956607497,sweatshirt
2022-05-01,-0.3090020956607497,sweatshirt
2022-05-08,-0.3090020956607497,sweatshirt
2022-05-15,-0.30900209566074976,sweatshirt
2022-05-22,-0.3090020956607498,sweatshirt
2022-05-29,-0.3090020956607498,sweatshirt
2022-06-05,-0.3442585059171601,sweatshirt
2022-06-12,-0.9315982495069034,sweatshirt
2022-06-19,-0.6840020956607494,sweatshirt
2022-06-26,-0.6864059418145957,sweatshirt
2022-07-03,-0.6888097879684419,sweatshirt
2022-07-10,-0.691213634122288,sweatshirt
2022-07-17,-0.6960213264299804,sweatshirt
2022-07-24,-0.44602132642998055,sweatshirt
2022-07-31,-0.688809787968442,sweatshirt
2022-08-07,-0.6791944033530571,sweatshirt
2022-08-14,-0.6575597879684415,sweatshirt
2022-08-21,-0.3666944033530571,sweatshirt
2022-08-28,-0.3234251725838263,sweatshirt
2022-09-04,-0.2849636341222878,sweatshirt
2022-09-11,0.0034979043392505266,sweatshirt
2022-09-18,1.291959442800789,sweatshirt
2022-09-25,1.3304209812623273,sweatshirt
2022-10-02,1.1188825197238659,sweatshirt
2022-10-09,0.402536365877712,sweatshirt
2022-10-16,0.416959442800789,sweatshirt
2022-10-23,0.416959442800789,sweatshirt
2022-10-30,0.4169594428007891,sweatshirt
2022-11-06,0.6669594428007891,sweatshirt
2022-11-13,0.6669594428007891,sweatshirt
2022-11-20,0.6669594428007892,sweatshirt
2022-11-27,0.4169594428007891,sweatshirt
2022-12-04,0.6669594428007892,sweatshirt
2022-12-11,0.6669594428007891,sweatshirt
2022-12-18,0.6669594428007891,sweatshirt
2022-12-25,0.6669594428007891,sweatshirt
2023-01-01,0.6669594428007891,sweatshirt
2023-01-08,0.41695944280078906,sweatshirt
2023-01-15,0.4169594428007891,sweatshirt
2023-01-22,-0.08063671104536473,sweatshirt
2023-01-29,-0.3282328648915186,sweatshirt
2023-02-05,-0.3282328648915186,sweatshirt
2023-02-12,-0.07823286489151864,sweatshirt
2023-02-19,-0.07823286489151858,sweatshirt
2023-02-26,-0.07823286489151864,sweatshirt
2023-03-05,-0.07823286489151864,sweatshirt
2023-03-12,-0.07823286489151864,sweatshirt
2023-03-19,-0.0758290187376726,sweatshirt
2023-03-26,-0.07102132642998031,sweatshirt
2023-04-02,-0.06621363412228813,sweatshirt
2023-04-09,-0.31140594181459585,sweatshirt
2023-04-16,-0.3090020956607496,sweatshirt
2023-04-23,-0.3090020956607497,sweatshirt
2023-04-30,-0.3090020956607497,sweatshirt
2023-05-07,-0.3090020956607497,sweatshirt
2023-05-14,-0.30900209566074976,sweatshirt
2023-05-21,-0.3090020956607498,sweatshirt
2023-05-28,-0.3090020956607498,sweatshirt
2023-06-04,-0.3442585059171601,sweatshirt
2023-06-11,-0.9315982495069034,sweatshirt
2023-06-18,-0.6840020956607494,sweatshirt
2023-06-25,-0.6864059418145957,sweatshirt
2023-07-02,-0.6888097879684419,sweatshirt
2023-07-09,-0.691213634122288,sweatshirt
2023-07-16,-0.6960213264299804,sweatshirt
2023-07-23,-0.44602132642998055,sweatshirt
2023-07-30,-0.688809787968442,sweatshirt
2023-08-06,-0.6791944033530571,sweatshirt
2023-08-13,-0.6575597879684415,sweatshirt
2023-08-20,-0.3666944033530571,sweatshirt
2023-08-27,-0.3234251725838263,sweatshirt
2023-09-03,-0.2849636341222878,sweatshirt
2023-09-10,0.0034979043392505266,sweatshirt
2023-09-17,1.291959442800789,sweatshirt
2023-09-24,1.3304209812623273,sweatshirt
2023-10-01,1.1188825197238659,sweatshirt
2023-10-08,0.402536365877712,sweatshirt
2023-10-15,0.416959442800789,sweatshirt
2023-10-22,0.416959442800789,sweatshirt
2023-10-29,0.4169594428007891,sweatshirt
2023-11-05,0.6669594428007891,sweatshirt
2023-11-12,0.6669594428007891,sweatshirt
2023-11-19,0.6669594428007892,sweatshirt
2023-11-26,0.4169594428007891,sweatshirt
2018-12-16,12.327616494082841,sweater
2018-12-23,9.582424186390533,sweater
2018-12-30,5.337231878698224,sweater
2019-01-06,4.33963572485207,sweater
2019-01-13,2.3396357248520707,sweater
2019-01-20,1.5896357248520707,sweater
2019-01-27,1.5896357248520703,sweater
2019-02-03,1.5920395710059165,sweater
2019-02-10,0.34203957100591653,sweater
2019-02-17,-0.6627681213017761,sweater
2019-02-24,-1.417575813609468,sweater
2019-03-03,-1.6771911982248522,sweater
2019-03-10,-2.441614275147929,sweater
2019-03-17,-2.9560373520710064,sweater
2019-03-24,-2.970460428994082,sweater
2019-03-31,-3.2348835059171597,sweater
2019-04-07,-3.249306582840236,sweater
2019-04-14,-3.511325813609468,sweater
2019-04-21,-3.0113258136094667,sweater
2019-04-28,-3.261325813609467,sweater
2019-05-05,-3.5257488905325434,sweater
2019-05-12,-3.7973835059171592,sweater
2019-05-19,-3.8118065828402368,sweater
2019-05-26,-3.831037352071005,sweater
2019-06-02,-4.355075813609468,sweater
2019-06-09,-3.7036335059171597,sweater
2019-06-16,-3.5569988905325443,sweater
2019-06-23,-3.43440273668639,sweater
2019-06-30,-3.552191198224852,sweater
2019-07-07,-3.9055565828402368,sweater
2019-07-14,-3.9896911982248517,sweater
2019-07-21,-4.0594027366863905,sweater
2019-07-28,-4.124306582840236,sweater
2019-08-04,-3.6819988905325443,sweater
2019-08-11,-3.98488350591716,sweater
2019-08-18,-3.782960428994083,sweater
2019-08-25,-3.571421967455621,sweater
2019-09-01,-3.1026719674556205,sweater
2019-09-08,-2.8767104289940817,sweater
2019-09-15,-2.3935373520710046,sweater
2019-09-22,-1.405556582840236,sweater
2019-09-29,-0.6651719674556213,sweater
2019-10-06,-0.17478735207100576,sweater
2019-10-13,0.818001109467455,sweater
2019-10-20,2.563193417159763,sweater
2019-10-27,3.5631934171597623,sweater
2019-11-03,5.568001109467455,sweater
2019-11-10,7.322808801775147,sweater
2019-11-17,7.827616494082839,sweater
2019-11-24,10.577616494082841,sweater
2019-12-01,12.575212647928995,sweater
2019-12-08,13.825212647928995,sweater
2019-12-15,12.327616494082841,sweater
2019-12-22,9.582424186390533,sweater
2019-12-29,5.337231878698224,sweater
2020-01-05,4.33963572485207,sweater
2020-01-12,2.3396357248520707,sweater
2020-01-19,1.5896357248520707,sweater
2020-01-26,1.5896357248520703,sweater
2020-02-02,1.5920395710059165,sweater
2020-02-09,0.34203957100591653,sweater
2020-02-16,-0.6627681213017761,sweater
2020-02-23,-1.417575813609468,sweater
2020-03-01,-1.6771911982248522,sweater
2020-03-08,-2.441614275147929,sweater
2020-03-15,-2.9560373520710064,sweater
2020-03-22,-2.970460428994082,sweater
2020-03-29,-3.2348835059171597,sweater
2020-04-05,-3.249306582840236,sweater
2020-04-12,-3.511325813609468,sweater
2020-04-19,-3.0113258136094667,sweater
2020-04-26,-3.261325813609467,sweater
2020-05-03,-3.5257488905325434,sweater
2020-05-10,-3.7973835059171592,sweater
2020-05-17,-3.8118065828402368,sweater
2020-05-24,-3.831037352071005,sweater
2020-05-31,-4.355075813609468,sweater
2020-06-07,-3.7036335059171597,sweater
2020-06-14,-3.5569988905325443,sweater
2020-06-21,-3.43440273668639,sweater
2020-06-28,-3.552191198224852,sweater
2020-07-05,-3.9055565828402368,sweater
2020-07-12,-3.9896911982248517,sweater
2020-07-19,-4.0594027366863905,sweater
2020-07-26,-4.124306582840236,sweater
2020-08-02,-3.6819988905325443,sweater
2020-08-09,-3.98488350591716,sweater
2020-08-16,-3.782960428994083,sweater
2020-08-23,-3.571421967455621,sweater
2020-08-30,-3.1026719674556205,sweater
2020-09-06,-2.8767104289940817,sweater
2020-09-13,-2.3935373520710046,sweater
2020-09-20,-1.405556582840236,sweater
2020-09-27,-0.6651719674556213,sweater
2020-10-04,-0.17478735207100576,sweater
2020-10-11,0.818001109467455,sweater
2020-10-18,2.563193417159763,sweater
2020-10-25,3.5631934171597623,sweater
2020-11-01,5.568001109467455,sweater
2020-11-08,7.322808801775147,sweater
2020-11-15,7.827616494082839,sweater
2020-11-22,10.577616494082841,sweater
2020-11-29,12.575212647928995,sweater
2020-12-06,13.825212647928995,sweater
2020-12-13,12.327616494082841,sweater
2020-12-20,9.582424186390533,sweater
2020-12-27,5.337231878698224,sweater
2021-01-03,4.33963572485207,sweater
2021-01-10,2.3396357248520707,sweater
2021-01-17,1.5896357248520707,sweater
2021-01-24,1.5896357248520703,sweater
2021-01-31,1.5920395710059165,sweater
2021-02-07,0.34203957100591653,sweater
2021-02-14,-0.6627681213017761,sweater
2021-02-21,-1.417575813609468,sweater
2021-02-28,-1.6771911982248522,sweater
2021-03-07,-2.441614275147929,sweater
2021-03-14,-2.9560373520710064,sweater
2021-03-21,-2.970460428994082,sweater
2021-03-28,-3.2348835059171597,sweater
2021-04-04,-3.249306582840236,sweater
2021-04-11,-3.511325813609468,sweater
2021-04-18,-3.0113258136094667,sweater
2021-04-25,-3.261325813609467,sweater
2021-05-02,-3.5257488905325434,sweater
2021-05-09,-3.7973835059171592,sweater
2021-05-16,-3.8118065828402368,sweater
2021-05-23,-3.831037352071005,sweater
2021-05-30,-4.355075813609468,sweater
2021-06-06,-3.7036335059171597,sweater
2021-06-13,-3.5569988905325443,sweater
2021-06-20,-3.43440273668639,sweater
2021-06-27,-3.552191198224852,sweater
2021-07-04,-3.9055565828402368,sweater
2021-07-11,-3.9896911982248517,sweater
2021-07-18,-4.0594027366863905,sweater
2021-07-25,-4.124306582840236,sweater
2021-08-01,-3.6819988905325443,sweater
2021-08-08,-3.98488350591716,sweater
2021-08-15,-3.782960428994083,sweater
2021-08-22,-3.571421967455621,sweater
2021-08-29,-3.1026719674556205,sweater
2021-09-05,-2.8767104289940817,sweater
2021-09-12,-2.3935373520710046,sweater
2021-09-19,-1.405556582840236,sweater
2021-09-26,-0.6651719674556213,sweater
2021-10-03,-0.17478735207100576,sweater
2021-10-10,0.818001109467455,sweater
2021-10-17,2.563193417159763,sweater
2021-10-24,3.5631934171597623,sweater
2021-10-31,5.568001109467455,sweater
2021-11-07,7.322808801775147,sweater
2021-11-14,7.827616494082839,sweater
2021-11-21,10.577616494082841,sweater
2021-11-28,12.575212647928995,sweater
2021-12-05,13.825212647928995,sweater
2021-12-12,12.327616494082841,sweater
2021-12-19,9.582424186390533,sweater
2021-12-26,5.337231878698224,sweater
2022-01-02,4.33963572485207,sweater
2022-01-09,2.3396357248520707,sweater
2022-01-16,1.5896357248520707,sweater
2022-01-23,1.5896357248520703,sweater
2022-01-30,1.5920395710059165,sweater
2022-02-06,0.34203957100591653,sweater
2022-02-13,-0.6627681213017761,sweater
2022-02-20,-1.417575813609468,sweater
2022-02-27,-1.6771911982248522,sweater
2022-03-06,-2.441614275147929,sweater
2022-03-13,-2.9560373520710064,sweater
2022-03-20,-2.970460428994082,sweater
2022-03-27,-3.2348835059171597,sweater
2022-04-03,-3.249306582840236,sweater
2022-04-10,-3.511325813609468,sweater
2022-04-17,-3.0113258136094667,sweater
2022-04-24,-3.261325813609467,sweater
2022-05-01,-3.5257488905325434,sweater
2022-05-08,-3.7973835059171592,sweater
2022-05-15,-3.8118065828402368,sweater
2022-05-22,-3.831037352071005,sweater
2022-05-29,-4.355075813609468,sweater
2022-06-05,-3.7036335059171597,sweater
2022-06-12,-3.5569988905325443,sweater
2022-06-19,-3.43440273668639,sweater
2022-06-26,-3.552191198224852,sweater
2022-07-03,-3.9055565828402368,sweater
2022-07-10,-3.9896911982248517,sweater
2022-07-17,-4.0594027366863905,sweater
2022-07-24,-4.124306582840236,sweater
2022-07-31,-3.6819988905325443,sweater
2022-08-07,-3.98488350591716,sweater
2022-08-14,-3.782960428994083,sweater
2022-08-21,-3.571421967455621,sweater
2022-08-28,-3.1026719674556205,sweater
2022-09-04,-2.8767104289940817,sweater
2022-09-11,-2.3935373520710046,sweater
2022-09-18,-1.405556582840236,sweater
2022-09-25,-0.6651719674556213,sweater
2022-10-02,-0.17478735207100576,sweater
2022-10-09,0.818001109467455,sweater
2022-10-16,2.563193417159763,sweater
2022-10-23,3.5631934171597623,sweater
2022-10-30,5.568001109467455,sweater
2022-11-06,7.322808801775147,sweater
2022-11-13,7.827616494082839,sweater
2022-11-20,10.577616494082841,sweater
2022-11-27,12.575212647928995,sweater
2022-12-04,13.825212647928995,sweater
2022-12-11,12.327616494082841,sweater
2022-12-18,9.582424186390533,sweater
2022-12-25,5.337231878698224,sweater
2023-01-01,4.33963572485207,sweater
2023-01-08,2.3396357248520707,sweater
2023-01-15,1.5896357248520707,sweater
2023-01-22,1.5896357248520703,sweater
2023-01-29,1.5920395710059165,sweater
2023-02-05,0.34203957100591653,sweater
2023-02-12,-0.6627681213017761,sweater
2023-02-19,-1.417575813609468,sweater
2023-02-26,-1.6771911982248522,sweater
2023-03-05,-2.441614275147929,sweater
2023-03-12,-2.9560373520710064,sweater
2023-03-19,-2.970460428994082,sweater
2023-03-26,-3.2348835059171597,sweater
2023-04-02,-3.249306582840236,sweater
2023-04-09,-3.511325813609468,sweater
2023-04-16,-3.0113258136094667,sweater
2023-04-23,-3.261325813609467,sweater
2023-04-30,-3.5257488905325434,sweater
2023-05-07,-3.7973835059171592,sweater
2023-05-14,-3.8118065828402368,sweater
2023-05-21,-3.831037352071005,sweater
2023-05-28,-4.355075813609468,sweater
2023-06-04,-3.7036335059171597,sweater
2023-06-11,-3.5569988905325443,sweater
2023-06-18,-3.43440273668639,sweater
2023-06-25,-3.552191198224852,sweater
2023-07-02,-3.9055565828402368,sweater
2023-07-09,-3.9896911982248517,sweater
2023-07-16,-4.0594027366863905,sweater
2023-07-23,-4.124306582840236,sweater
2023-07-30,-3.6819988905325443,sweater
2023-08-06,-3.98488350591716,sweater
2023-08-13,-3.782960428994083,sweater
2023-08-20,-3.571421967455621,sweater
2023-08-27,-3.1026719674556205,sweater
2023-09-03,-2.8767104289940817,sweater
2023-09-10,-2.3935373520710046,sweater
2023-09-17,-1.405556582840236,sweater
2023-09-24,-0.6651719674556213,sweater
2023-10-01,-0.17478735207100576,sweater
2023-10-08,0.818001109467455,sweater
2023-10-15,2.563193417159763,sweater
2023-10-22,3.5631934171597623,sweater
2023-10-29,5.568001109467455,sweater
2023-11-05,7.322808801775147,sweater
2023-11-12,7.827616494082839,sweater
2023-11-19,10.577616494082841,sweater
2023-11-26,12.575212647928995,sweater
2018-12-16,-0.21691629684418212,top
2018-12-23,-0.4669162968441821,top
2018-12-30,-0.46691629684418223,top
2019-01-06,-1.2169162968441818,top
2019-01-13,-1.2145124506903355,top
2019-01-20,-1.209704758382643,top
2019-01-27,-1.2073009122287968,top
2019-02-03,-0.9573009122287969,top
2019-02-10,-0.4573009122287972,top
2019-02-17,-0.4573009122287969,top
2019-02-24,-0.4573009122287969,top
2019-03-03,-0.4548970660749505,top
2019-03-10,-0.7024932199211043,top
2019-03-17,-0.702493219921104,top
2019-03-24,-0.45249321992110414,top
2019-03-31,0.04991062623274169,top
2019-04-07,0.052314472386588165,top
2019-04-14,0.3023144723865878,top
2019-04-21,0.3023144723865877,top
2019-04-28,0.5523144723865878,top
2019-05-05,1.3023144723865878,top
2019-05-12,1.5523144723865878,top
2019-05-19,1.3023144723865878,top
2019-05-26,1.3047183185404343,top
2019-06-02,1.8095260108481266,top
2019-06-09,1.872827292899409,top
2019-06-16,1.6412567800788957,top
2019-06-23,2.1364490877712035,top
2019-06-30,1.8768337031558187,top
2019-07-07,1.867218318540434,top
2019-07-14,1.6124106262327418,top
2019-07-21,1.6076029339250493,top
2019-07-28,1.3527952416173572,top
2019-08-04,1.097987549309665,top
2019-08-11,1.0931798570019726,top
2019-08-18,0.3359683185404341,top
2019-08-25,0.07875678007889532,top
2019-09-01,-0.17605091222879687,top
2019-09-08,-0.678454758382643,top
2019-09-15,-0.9284547583826432,top
2019-09-22,-1.180858604536489,top
2019-09-29,-0.9356662968441816,top
2019-10-06,-1.1904739891518739,top
2019-10-13,-1.1952816814595655,top
2019-10-20,-0.9500893737672581,top
2019-10-27,-1.202493219921104,top
2019-11-03,-1.4548970660749503,top
2019-11-10,-1.209704758382643,top
2019-11-17,-1.2121086045364895,top
2019-11-24,-0.964512450690336,top
2019-12-01,-0.7169162968441819,top
2019-12-08,-0.4669162968441819,top
2019-12-15,-0.21691629684418212,top
2019-12-22,-0.4669162968441821,top
2019-12-29,-0.46691629684418223,top
2020-01-05,-1.2169162968441818,top
2020-01-12,-1.2145124506903355,top
2020-01-19,-1.209704758382643,top
2020-01-26,-1.2073009122287968,top
2020-02-02,-0.9573009122287969,top
2020-02-09,-0.4573009122287972,top
2020-02-16,-0.4573009122287969,top
2020-02-23,-0.4573009122287969,top
2020-03-01,-0.4548970660749505,top
2020-03-08,-0.7024932199211043,top
2020-03-15,-0.702493219921104,top
2020-03-22,-0.45249321992110414,top
2020-03-29,0.04991062623274169,top
2020-04-05,0.052314472386588165,top
2020-04-12,0.3023144723865878,top
2020-04-19,0.3023144723865877,top
2020-04-26,0.5523144723865878,top
2020-05-03,1.3023144723865878,top
2020-05-10,1.5523144723865878,top
2020-05-17,1.3023144723865878,top
2020-05-24,1.3047183185404343,top
2020-05-31,1.8095260108481266,top
2020-06-07,1.872827292899409,top
2020-06-14,1.6412567800788957,top
2020-06-21,2.1364490877712035,top
2020-06-28,1.8768337031558187,top
2020-07-05,1.867218318540434,top
2020-07-12,1.6124106262327418,top
2020-07-19,1.6076029339250493,top
2020-07-26,1.3527952416173572,top
2020-08-02,1.097987549309665,top
2020-08-09,1.0931798570019726,top
2020-08-16,0.3359683185404341,top
2020-08-23,0.07875678007889532,top
2020-08-30,-0.17605091222879687,top
2020-09-06,-0.678454758382643,top
2020-09-13,-0.9284547583826432,top
2020-09-20,-1.180858604536489,top
2020-09-27,-0.9356662968441816,top
2020-10-04,-1.1904739891518739,top
2020-10-11,-1.1952816814595655,top
2020-10-18,-0.9500893737672581,top
2020-10-25,-1.202493219921104,top
2020-11-01,-1.4548970660749503,top
2020-11-08,-1.209704758382643,top
2020-11-15,-1.2121086045364895,top
2020-11-22,-0.964512450690336,top
2020-11-29,-0.7169162968441819,top
2020-12-06,-0.4669162968441819,top
2020-12-13,-0.21691629684418212,top
2020-12-20,-0.4669162968441821,top
2020-12-27,-0.46691629684418223,top
2021-01-03,-1.2169162968441818,top
2021-01-10,-1.2145124506903355,top
2021-01-17,-1.209704758382643,top
2021-01-24,-1.2073009122287968,top
2021-01-31,-0.9573009122287969,top
2021-02-07,-0.4573009122287972,top
2021-02-14,-0.4573009122287969,top
2021-02-21,-0.4573009122287969,top
2021-02-28,-0.4548970660749505,top
2021-03-07,-0.7024932199211043,top
2021-03-14,-0.702493219921104,top
2021-03-21,-0.45249321992110414,top
2021-03-28,0.04991062623274169,top
2021-04-04,0.052314472386588165,top
2021-04-11,0.3023144723865878,top
2021-04-18,0.3023144723865877,top
2021-04-25,0.5523144723865878,top
2021-05-02,1.3023144723865878,top
2021-05-09,1.5523144723865878,top
2021-05-16,1.3023144723865878,top
2021-05-23,1.3047183185404343,top
2021-05-30,1.8095260108481266,top
2021-06-06,1.872827292899409,top
2021-06-13,1.6412567800788957,top
2021-06-20,2.1364490877712035,top
2021-06-27,1.8768337031558187,top
2021-07-04,1.867218318540434,top
2021-07-11,1.6124106262327418,top
2021-07-18,1.6076029339250493,top
2021-07-25,1.3527952416173572,top
2021-08-01,1.097987549309665,top
2021-08-08,1.0931798570019726,top
2021-08-15,0.3359683185404341,top
2021-08-22,0.07875678007889532,top
2021-08-29,-0.17605091222879687,top
2021-09-05,-0.678454758382643,top
2021-09-12,-0.9284547583826432,top
2021-09-19,-1.180858604536489,top
2021-09-26,-0.9356662968441816,top
2021-10-03,-1.1904739891518739,top
2021-10-10,-1.1952816814595655,top
2021-10-17,-0.9500893737672581,top
2021-10-24,-1.202493219921104,top
2021-10-31,-1.4548970660749503,top
2021-11-07,-1.209704758382643,top
2021-11-14,-1.2121086045364895,top
2021-11-21,-0.964512450690336,top
2021-11-28,-0.7169162968441819,top
2021-12-05,-0.4669162968441819,top
2021-12-12,-0.21691629684418212,top
2021-12-19,-0.4669162968441821,top
2021-12-26,-0.46691629684418223,top
2022-01-02,-1.2169162968441818,top
2022-01-09,-1.2145124506903355,top
2022-01-16,-1.209704758382643,top
2022-01-23,-1.2073009122287968,top
2022-01-30,-0.9573009122287969,top
2022-02-06,-0.4573009122287972,top
2022-02-13,-0.4573009122287969,top
2022-02-20,-0.4573009122287969,top
2022-02-27,-0.4548970660749505,top
2022-03-06,-0.7024932199211043,top
2022-03-13,-0.702493219921104,top
2022-03-20,-0.45249321992110414,top
2022-03-27,0.04991062623274169,top
2022-04-03,0.052314472386588165,top
2022-04-10,0.3023144723865878,top
2022-04-17,0.3023144723865877,top
2022-04-24,0.5523144723865878,top
2022-05-01,1.3023144723865878,top
2022-05-08,1.5523144723865878,top
2022-05-15,1.3023144723865878,top
2022-05-22,1.3047183185404343,top
2022-05-29,1.8095260108481266,top
2022-06-05,1.872827292899409,top
2022-06-12,1.6412567800788957,top
2022-06-19,2.1364490877712035,top
2022-06-26,1.8768337031558187,top
2022-07-03,1.867218318540434,top
2022-07-10,1.6124106262327418,top
2022-07-17,1.6076029339250493,top
2022-07-24,1.3527952416173572,top
2022-07-31,1.097987549309665,top
2022-08-07,1.0931798570019726,top
2022-08-14,0.3359683185404341,top
2022-08-21,0.07875678007889532,top
2022-08-28,-0.17605091222879687,top
2022-09-04,-0.678454758382643,top
2022-09-11,-0.9284547583826432,top
2022-09-18,-1.180858604536489,top
2022-09-25,-0.9356662968441816,top
2022-10-02,-1.1904739891518739,top
2022-10-09,-1.1952816814595655,top
2022-10-16,-0.9500893737672581,top
2022-10-23,-1.202493219921104,top
2022-10-30,-1.4548970660749503,top
2022-11-06,-1.209704758382643,top
2022-11-13,-1.2121086045364895,top
2022-11-20,-0.964512450690336,top
2022-11-27,-0.7169162968441819,top
2022-12-04,-0.4669162968441819,top
2022-12-11,-0.21691629684418212,top
2022-12-18,-0.4669162968441821,top
2022-12-25,-0.46691629684418223,top
2023-01-01,-1.2169162968441818,top
2023-01-08,-1.2145124506903355,top
2023-01-15,-1.209704758382643,top
2023-01-22,-1.2073009122287968,top
2023-01-29,-0.9573009122287969,top
2023-02-05,-0.4573009122287972,top
2023-02-12,-0.4573009122287969,top
2023-02-19,-0.4573009122287969,top
2023-02-26,-0.4548970660749505,top
2023-03-05,-0.7024932199211043,top
2023-03-12,-0.702493219921104,top
2023-03-19,-0.45249321992110414,top
2023-03-26,0.04991062623274169,top
2023-04-02,0.052314472386588165,top
2023-04-09,0.3023144723865878,top
2023-04-16,0.3023144723865877,top
2023-04-23,0.5523144723865878,top
2023-04-30,1.3023144723865878,top
2023-05-07,1.5523144723865878,top
2023-05-14,1.3023144723865878,top
2023-05-21,1.3047183185404343,top
2023-05-28,1.8095260108481266,top
2023-06-04,1.872827292899409,top
2023-06-11,1.6412567800788957,top
2023-06-18,2.1364490877712035,top
2023-06-25,1.8768337031558187,top
2023-07-02,1.867218318540434,top
2023-07-09,1.6124106262327418,top
2023-07-16,1.6076029339250493,top
2023-07-23,1.3527952416173572,top
2023-07-30,1.097987549309665,top
2023-08-06,1.0931798570019726,top
2023-08-13,0.3359683185404341,top
2023-08-20,0.07875678007889532,top
2023-08-27,-0.17605091222879687,top
2023-09-03,-0.678454758382643,top
2023-09-10,-0.9284547583826432,top
2023-09-17,-1.180858604536489,top
2023-09-24,-0.9356662968441816,top
2023-10-01,-1.1904739891518739,top
2023-10-08,-1.1952816814595655,top
2023-10-15,-0.9500893737672581,top
2023-10-22,-1.202493219921104,top
2023-10-29,-1.4548970660749503,top
2023-11-05,-1.209704758382643,top
2023-11-12,-1.2121086045364895,top
2023-11-19,-0.964512450690336,top
2023-11-26,-0.7169162968441819,top
2018-12-16,-1.7506317800788982,tshirt
2018-12-23,-2.6015933185404365,tshirt
2018-12-30,-2.940535626232738,tshirt
2019-01-06,-4.777074087771199,tshirt
2019-01-13,-10.10399716469428,tshirt
2019-01-20,-12.426112549309664,tshirt
2019-01-27,-10.262651010848128,tshirt
2019-02-03,-8.856401010848126,tshirt
2019-02-10,-8.188131780078896,tshirt
2019-02-17,-8.269862549309666,tshirt
2019-02-24,-8.611208703155814,tshirt
2019-03-03,-6.688131780078891,tshirt
2019-03-10,-7.505439472386584,tshirt
2019-03-17,-7.563131780078896,tshirt
2019-03-24,-6.861208703155819,tshirt
2019-03-31,-5.918901010848124,tshirt
2019-04-07,-3.9862087031558198,tshirt
2019-04-14,-2.8083240877711995,tshirt
2019-04-21,0.12196437376726224,tshirt
2019-04-28,3.3046566814595724,tshirt
2019-05-05,9.49936821992111,tshirt
2019-05-12,7.463310527613414,tshirt
2019-05-19,10.915233604536487,tshirt
2019-05-26,11.097925912228794,tshirt
2019-06-02,14.787829758382642,tshirt
2019-06-09,16.815874630177518,tshirt
2019-06-16,12.29263745069034,tshirt
2019-06-23,9.932060527613416,tshirt
2019-06-30,12.809464373767263,tshirt
2019-07-07,12.444079758382648,tshirt
2019-07-14,11.102733604536493,tshirt
2019-07-21,9.77821437376726,tshirt
2019-07-28,9.710906681459559,tshirt
2019-08-04,10.155618219921102,tshirt
2019-08-11,10.862348989151874,tshirt
2019-08-18,5.8262912968441825,tshirt
2019-08-25,6.0594643737672556,tshirt
2019-09-01,4.05465668145956,tshirt
2019-09-08,-0.2193817800788964,tshirt
2019-09-15,-0.7698625493096682,tshirt
2019-09-22,-3.334766395463513,tshirt
2019-09-29,-3.6616894723865863,tshirt
2019-10-06,-5.243420241617354,tshirt
2019-10-13,-5.827554857001971,tshirt
2019-10-20,-5.92611254930967,tshirt
2019-10-27,-7.2722663954635145,tshirt
2019-11-03,-9.116016395463513,tshirt
2019-11-10,-7.704958703155821,tshirt
2019-11-17,-9.767458703155818,tshirt
2019-11-24,-3.820343318540433,tshirt
2019-12-01,-4.351593318540438,tshirt
2019-12-08,-1.8996702416173599,tshirt
2019-12-15,-1.7506317800788982,tshirt
2019-12-22,-2.6015933185404365,tshirt
2019-12-29,-2.940535626232738,tshirt
2020-01-05,-4.777074087771199,tshirt
2020-01-12,-10.10399716469428,tshirt
2020-01-19,-12.426112549309664,tshirt
2020-01-26,-10.262651010848128,tshirt
2020-02-02,-8.856401010848126,tshirt
2020-02-09,-8.188131780078896,tshirt
2020-02-16,-8.269862549309666,tshirt
2020-02-23,-8.611208703155814,tshirt
2020-03-01,-6.688131780078891,tshirt
2020-03-08,-7.505439472386584,tshirt
2020-03-15,-7.563131780078896,tshirt
2020-03-22,-6.861208703155819,tshirt
2020-03-29,-5.918901010848124,tshirt
2020-04-05,-3.9862087031558198,tshirt
2020-04-12,-2.8083240877711995,tshirt
2020-04-19,0.12196437376726224,tshirt
2020-04-26,3.3046566814595724,tshirt
2020-05-03,9.49936821992111,tshirt
2020-05-10,7.463310527613414,tshirt
2020-05-17,10.915233604536487,tshirt
2020-05-24,11.097925912228794,tshirt
2020-05-31,14.787829758382642,tshirt
2020-06-07,16.815874630177518,tshirt
2020-06-14,12.29263745069034,tshirt
2020-06-21,9.932060527613416,tshirt
2020-06-28,12.809464373767263,tshirt
2020-07-05,12.444079758382648,tshirt
2020-07-12,11.102733604536493,tshirt
2020-07-19,9.77821437376726,tshirt
2020-07-26,9.710906681459559,tshirt
2020-08-02,10.155618219921102,tshirt
2020-08-09,10.862348989151874,tshirt
2020-08-16,5.8262912968441825,tshirt
2020-08-23,6.0594643737672556,tshirt
2020-08-30,4.05465668145956,tshirt
2020-09-06,-0.2193817800788964,tshirt
2020-09-13,-0.7698625493096682,tshirt
2020-09-20,-3.334766395463513,tshirt
2020-09-27,-3.6616894723865863,tshirt
2020-10-04,-5.243420241617354,tshirt
2020-10-11,-5.827554857001971,tshirt
2020-10-18,-5.92611254930967,tshirt
2020-10-25,-7.2722663954635145,tshirt
2020-11-01,-9.116016395463513,tshirt
2020-11-08,-7.704958703155821,tshirt
2020-11-15,-9.767458703155818,tshirt
2020-11-22,-3.820343318540433,tshirt
2020-11-29,-4.351593318540438,tshirt
2020-12-06,-1.8996702416173599,tshirt
2020-12-13,-1.7506317800788982,tshirt
2020-12-20,-2.6015933185404365,tshirt
2020-12-27,-2.940535626232738,tshirt
2021-01-03,-4.777074087771199,tshirt
2021-01-10,-10.10399716469428,tshirt
2021-01-17,-12.426112549309664,tshirt
2021-01-24,-10.262651010848128,tshirt
2021-01-31,-8.856401010848126,tshirt
2021-02-07,-8.188131780078896,tshirt
2021-02-14,-8.269862549309666,tshirt
2021-02-21,-8.611208703155814,tshirt
2021-02-28,-6.688131780078891,tshirt
2021-03-07,-7.505439472386584,tshirt
2021-03-14,-7.563131780078896,tshirt
2021-03-21,-6.861208703155819,tshirt
2021-03-28,-5.918901010848124,tshirt
2021-04-04,-3.9862087031558198,tshirt
2021-04-11,-2.8083240877711995,tshirt
2021-04-18,0.12196437376726224,tshirt
2021-04-25,3.3046566814595724,tshirt
2021-05-02,9.49936821992111,tshirt
2021-05-09,7.463310527613414,tshirt
2021-05-16,10.915233604536487,tshirt
2021-05-23,11.097925912228794,tshirt
2021-05-30,14.787829758382642,tshirt
2021-06-06,16.815874630177518,tshirt
2021-06-13,12.29263745069034,tshirt
2021-06-20,9.932060527613416,tshirt
2021-06-27,12.809464373767263,tshirt
2021-07-04,12.444079758382648,tshirt
2021-07-11,11.102733604536493,tshirt
2021-07-18,9.77821437376726,tshirt
2021-07-25,9.710906681459559,tshirt
2021-08-01,10.155618219921102,tshirt
2021-08-08,10.862348989151874,tshirt
2021-08-15,5.8262912968441825,tshirt
2021-08-22,6.0594643737672556,tshirt
2021-08-29,4.05465668145956,tshirt
2021-09-05,-0.2193817800788964,tshirt
2021-09-12,-0.7698625493096682,tshirt
2021-09-19,-3.334766395463513,tshirt
2021-09-26,-3.6616894723865863,tshirt
2021-10-03,-5.243420241617354,tshirt
2021-10-10,-5.827554857001971,tshirt
2021-10-17,-5.92611254930967,tshirt
2021-10-24,-7.2722663954635145,tshirt
2021-10-31,-9.116016395463513,tshirt
2021-11-07,-7.704958703155821,tshirt
2021-11-14,-9.767458703155818,tshirt
2021-11-21,-3.820343318540433,tshirt
2021-11-28,-4.351593318540438,tshirt
2021-12-05,-1.8996702416173599,tshirt
2021-12-12,-1.7506317800788982,tshirt
2021-12-19,-2.6015933185404365,tshirt
2021-12-26,-2.940535626232738,tshirt
2022-01-02,-4.777074087771199,tshirt
2022-01-09,-10.10399716469428,tshirt
2022-01-16,-12.426112549309664,tshirt
2022-01-23,-10.262651010848128,tshirt
2022-01-30,-8.856401010848126,tshirt
2022-02-06,-8.188131780078896,tshirt
2022-02-13,-8.269862549309666,tshirt
2022-02-20,-8.611208703155814,tshirt
2022-02-27,-6.688131780078891,tshirt
2022-03-06,-7.505439472386584,tshirt
2022-03-13,-7.563131780078896,tshirt
2022-03-20,-6.861208703155819,tshirt
2022-03-27,-5.918901010848124,tshirt
2022-04-03,-3.9862087031558198,tshirt
2022-04-10,-2.8083240877711995,tshirt
2022-04-17,0.12196437376726224,tshirt
2022-04-24,3.3046566814595724,tshirt
2022-05-01,9.49936821992111,tshirt
2022-05-08,7.463310527613414,tshirt
2022-05-15,10.915233604536487,tshirt
2022-05-22,11.097925912228794,tshirt
2022-05-29,14.787829758382642,tshirt
2022-06-05,16.815874630177518,tshirt
2022-06-12,12.29263745069034,tshirt
2022-06-19,9.932060527613416,tshirt
2022-06-26,12.809464373767263,tshirt
2022-07-03,12.444079758382648,tshirt
2022-07-10,11.102733604536493,tshirt
2022-07-17,9.77821437376726,tshirt
2022-07-24,9.710906681459559,tshirt
2022-07-31,10.155618219921102,tshirt
2022-08-07,10.862348989151874,tshirt
2022-08-14,5.8262912968441825,tshirt
2022-08-21,6.0594643737672556,tshirt
2022-08-28,4.05465668145956,tshirt
2022-09-04,-0.2193817800788964,tshirt
2022-09-11,-0.7698625493096682,tshirt
2022-09-18,-3.334766395463513,tshirt
2022-09-25,-3.6616894723865863,tshirt
2022-10-02,-5.243420241617354,tshirt
2022-10-09,-5.827554857001971,tshirt
2022-10-16,-5.92611254930967,tshirt
2022-10-23,-7.2722663954635145,tshirt
2022-10-30,-9.116016395463513,tshirt
2022-11-06,-7.704958703155821,tshirt
2022-11-13,-9.767458703155818,tshirt
2022-11-20,-3.820343318540433,tshirt
2022-11-27,-4.351593318540438,tshirt
2022-12-04,-1.8996702416173599,tshirt
2022-12-11,-1.7506317800788982,tshirt
2022-12-18,-2.6015933185404365,tshirt
2022-12-25,-2.940535626232738,tshirt
2023-01-01,-4.777074087771199,tshirt
2023-01-08,-10.10399716469428,tshirt
2023-01-15,-12.426112549309664,tshirt
2023-01-22,-10.262651010848128,tshirt
2023-01-29,-8.856401010848126,tshirt
2023-02-05,-8.188131780078896,tshirt
2023-02-12,-8.269862549309666,tshirt
2023-02-19,-8.611208703155814,tshirt
2023-02-26,-6.688131780078891,tshirt
2023-03-05,-7.505439472386584,tshirt
2023-03-12,-7.563131780078896,tshirt
2023-03-19,-6.861208703155819,tshirt
2023-03-26,-5.918901010848124,tshirt
2023-04-02,-3.9862087031558198,tshirt
2023-04-09,-2.8083240877711995,tshirt
2023-04-16,0.12196437376726224,tshirt
2023-04-23,3.3046566814595724,tshirt
2023-04-30,9.49936821992111,tshirt
2023-05-07,7.463310527613414,tshirt
2023-05-14,10.915233604536487,tshirt
2023-05-21,11.097925912228794,tshirt
2023-05-28,14.787829758382642,tshirt
2023-06-04,16.815874630177518,tshirt
2023-06-11,12.29263745069034,tshirt
2023-06-18,9.932060527613416,tshirt
2023-06-25,12.809464373767263,tshirt
2023-07-02,12.444079758382648,tshirt
2023-07-09,11.102733604536493,tshirt
2023-07-16,9.77821437376726,tshirt
2023-07-23,9.710906681459559,tshirt
2023-07-30,10.155618219921102,tshirt
2023-08-06,10.862348989151874,tshirt
2023-08-13,5.8262912968441825,tshirt
2023-08-20,6.0594643737672556,tshirt
2023-08-27,4.05465668145956,tshirt
2023-09-03,-0.2193817800788964,tshirt
2023-09-10,-0.7698625493096682,tshirt
2023-09-17,-3.334766395463513,tshirt
2023-09-24,-3.6616894723865863,tshirt
2023-10-01,-5.243420241617354,tshirt
2023-10-08,-5.827554857001971,tshirt
2023-10-15,-5.92611254930967,tshirt
2023-10-22,-7.2722663954635145,tshirt
2023-10-29,-9.116016395463513,tshirt
2023-11-05,-7.704958703155821,tshirt
2023-11-12,-9.767458703155818,tshirt
2023-11-19,-3.820343318540433,tshirt
2023-11-26,-4.351593318540438,tshirt
2018-12-16,-9.29220599112426,dress
2018-12-23,-11.674417529585797,dress
2018-12-30,25.907313239644974,dress
2019-01-06,-4.349898298816565,dress
2019-01-13,-13.43403291420118,dress
2019-01-20,-12.00374445266272,dress
2019-01-27,-8.010955991124264,dress
2019-02-03,-7.510955991124264,dress
2019-02-10,-4.020571375739647,dress
2019-02-17,0.4794286242603554,dress
2019-02-24,-0.746532914201183,dress
2019-03-03,-0.2273021449704147,dress
2019-03-10,-2.4580713757396464,dress
2019-03-17,-5.1792252218934935,dress
2019-03-24,-3.885955991124263,dress
2019-03-31,-0.8474944526627195,dress
2019-04-07,0.18135170118343022,dress
2019-04-14,0.45058247041420385,dress
2019-04-21,2.9650055473372787,dress
2019-04-28,5.241447855029583,dress
2019-05-05,12.267890162721896,dress
2019-05-12,11.544332470414199,dress
2019-05-19,14.815967085798816,dress
2019-05-26,13.597217085798816,dress
2019-06-02,12.645294008875743,dress
2019-06-09,15.741447855029586,dress
2019-06-16,20.67173631656805,dress
2019-06-23,23.693370931952664,dress
2019-06-30,17.777505547337277,dress
2019-07-07,13.272697855029591,dress
2019-07-14,10.719813239644974,dress
2019-07-21,7.991447855029588,dress
2019-07-28,4.765486316568048,dress
2019-08-04,4.303947855029587,dress
2019-08-11,1.6044286242603554,dress
2019-08-18,-1.3571098372781045,dress
2019-08-25,-0.3138406065088746,dress
2019-09-01,-3.7657636834319512,dress
2019-09-08,-5.736917529585798,dress
2019-09-15,-6.47249445266272,dress
2019-09-22,-5.965282914201182,dress
2019-09-29,-7.4460521449704204,dress
2019-10-06,-9.179225221893494,dress
2019-10-13,-6.446052144970415,dress
2019-10-20,-10.486917529585797,dress
2019-10-27,-12.527782914201183,dress
2019-11-03,-14.544609837278108,dress
2019-11-10,-12.559032914201186,dress
2019-11-17,-11.845090606508878,dress
2019-11-24,-9.87393676035503,dress
2019-12-01,-11.123936760355035,dress
2019-12-08,-7.352302144970422,dress
2019-12-15,-9.29220599112426,dress
2019-12-22,-11.674417529585797,dress
2019-12-29,25.907313239644974,dress
2020-01-05,-4.349898298816565,dress
2020-01-12,-13.43403291420118,dress
2020-01-19,-12.00374445266272,dress
2020-01-26,-8.010955991124264,dress
2020-02-02,-7.510955991124264,dress
2020-02-09,-4.020571375739647,dress
2020-02-16,0.4794286242603554,dress
2020-02-23,-0.746532914201183,dress
2020-03-01,-0.2273021449704147,dress
2020-03-08,-2.4580713757396464,dress
2020-03-15,-5.1792252218934935,dress
2020-03-22,-3.885955991124263,dress
2020-03-29,-0.8474944526627195,dress
2020-04-05,0.18135170118343022,dress
2020-04-12,0.45058247041420385,dress
2020-04-19,2.9650055473372787,dress
2020-04-26,5.241447855029583,dress
2020-05-03,12.267890162721896,dress
2020-05-10,11.544332470414199,dress
2020-05-17,14.815967085798816,dress
2020-05-24,13.597217085798816,dress
2020-05-31,12.645294008875743,dress
2020-06-07,15.741447855029586,dress
2020-06-14,20.67173631656805,dress
2020-06-21,23.693370931952664,dress
2020-06-28,17.777505547337277,dress
2020-07-05,13.272697855029591,dress
2020-07-12,10.719813239644974,dress
2020-07-19,7.991447855029588,dress
2020-07-26,4.765486316568048,dress
2020-08-02,4.303947855029587,dress
2020-08-09,1.6044286242603554,dress
2020-08-16,-1.3571098372781045,dress
2020-08-23,-0.3138406065088746,dress
2020-08-30,-3.7657636834319512,dress
2020-09-06,-5.736917529585798,dress
2020-09-13,-6.47249445266272,dress
2020-09-20,-5.965282914201182,dress
2020-09-27,-7.4460521449704204,dress
2020-10-04,-9.179225221893494,dress
2020-10-11,-6.446052144970415,dress
2020-10-18,-10.486917529585797,dress
2020-10-25,-12.527782914201183,dress
2020-11-01,-14.544609837278108,dress
2020-11-08,-12.559032914201186,dress
2020-11-15,-11.845090606508878,dress
2020-11-22,-9.87393676035503,dress
2020-11-29,-11.123936760355035,dress
2020-12-06,-7.352302144970422,dress
2020-12-13,-9.29220599112426,dress
2020-12-20,-11.674417529585797,dress
2020-12-27,25.907313239644974,dress
2021-01-03,-4.349898298816565,dress
2021-01-10,-13.43403291420118,dress
2021-01-17,-12.00374445266272,dress
2021-01-24,-8.010955991124264,dress
2021-01-31,-7.510955991124264,dress
2021-02-07,-4.020571375739647,dress
2021-02-14,0.4794286242603554,dress
2021-02-21,-0.746532914201183,dress
2021-02-28,-0.2273021449704147,dress
2021-03-07,-2.4580713757396464,dress
2021-03-14,-5.1792252218934935,dress
2021-03-21,-3.885955991124263,dress
2021-03-28,-0.8474944526627195,dress
2021-04-04,0.18135170118343022,dress
2021-04-11,0.45058247041420385,dress
2021-04-18,2.9650055473372787,dress
2021-04-25,5.241447855029583,dress
2021-05-02,12.267890162721896,dress
2021-05-09,11.544332470414199,dress
2021-05-16,14.815967085798816,dress
2021-05-23,13.597217085798816,dress
2021-05-30,12.645294008875743,dress
2021-06-06,15.741447855029586,dress
2021-06-13,20.67173631656805,dress
2021-06-20,23.693370931952664,dress
2021-06-27,17.777505547337277,dress
2021-07-04,13.272697855029591,dress
2021-07-11,10.719813239644974,dress
2021-07-18,7.991447855029588,dress
2021-07-25,4.765486316568048,dress
2021-08-01,4.303947855029587,dress
2021-08-08,1.6044286242603554,dress
2021-08-15,-1.3571098372781045,dress
2021-08-22,-0.3138406065088746,dress
2021-08-29,-3.7657636834319512,dress
2021-09-05,-5.736917529585798,dress
2021-09-12,-6.47249445266272,dress
2021-09-19,-5.965282914201182,dress
2021-09-26,-7.4460521449704204,dress
2021-10-03,-9.179225221893494,dress
2021-10-10,-6.446052144970415,dress
2021-10-17,-10.486917529585797,dress
2021-10-24,-12.527782914201183,dress
2021-10-31,-14.544609837278108,dress
2021-11-07,-12.559032914201186,dress
2021-11-14,-11.845090606508878,dress
2021-11-21,-9.87393676035503,dress
2021-11-28,-11.123936760355035,dress
2021-12-05,-7.352302144970422,dress
2021-12-12,-9.29220599112426,dress
2021-12-19,-11.674417529585797,dress
2021-12-26,25.907313239644974,dress
2022-01-02,-4.349898298816565,dress
2022-01-09,-13.43403291420118,dress
2022-01-16,-12.00374445266272,dress
2022-01-23,-8.010955991124264,dress
2022-01-30,-7.510955991124264,dress
2022-02-06,-4.020571375739647,dress
2022-02-13,0.4794286242603554,dress
2022-02-20,-0.746532914201183,dress
2022-02-27,-0.2273021449704147,dress
2022-03-06,-2.4580713757396464,dress
2022-03-13,-5.1792252218934935,dress
2022-03-20,-3.885955991124263,dress
2022-03-27,-0.8474944526627195,dress
2022-04-03,0.18135170118343022,dress
2022-04-10,0.45058247041420385,dress
2022-04-17,2.9650055473372787,dress
2022-04-24,5.241447855029583,dress
2022-05-01,12.267890162721896,dress
2022-05-08,11.544332470414199,dress
2022-05-15,14.815967085798816,dress
2022-05-22,13.597217085798816,dress
2022-05-29,12.645294008875743,dress
2022-06-05,15.741447855029586,dress
2022-06-12,20.67173631656805,dress
2022-06-19,23.693370931952664,dress
2022-06-26,17.777505547337277,dress
2022-07-03,13.272697855029591,dress
2022-07-10,10.719813239644974,dress
2022-07-17,7.991447855029588,dress
2022-07-24,4.765486316568048,dress
2022-07-31,4.303947855029587,dress
2022-08-07,1.6044286242603554,dress
2022-08-14,-1.3571098372781045,dress
2022-08-21,-0.3138406065088746,dress
2022-08-28,-3.7657636834319512,dress
2022-09-04,-5.736917529585798,dress
2022-09-11,-6.47249445266272,dress
2022-09-18,-5.965282914201182,dress
2022-09-25,-7.4460521449704204,dress
2022-10-02,-9.179225221893494,dress
2022-10-09,-6.446052144970415,dress
2022-10-16,-10.486917529585797,dress
2022-10-23,-12.527782914201183,dress
2022-10-30,-14.544609837278108,dress
2022-11-06,-12.559032914201186,dress
2022-11-13,-11.845090606508878,dress
2022-11-20,-9.87393676035503,dress
2022-11-27,-11.123936760355035,dress
2022-12-04,-7.352302144970422,dress
2022-12-11,-9.29220599112426,dress
2022-12-18,-11.674417529585797,dress
2022-12-25,25.907313239644974,dress
2023-01-01,-4.349898298816565,dress
2023-01-08,-13.43403291420118,dress
2023-01-15,-12.00374445266272,dress
2023-01-22,-8.010955991124264,dress
2023-01-29,-7.510955991124264,dress
2023-02-05,-4.020571375739647,dress
2023-02-12,0.4794286242603554,dress
2023-02-19,-0.746532914201183,dress
2023-02-26,-0.2273021449704147,dress
2023-03-05,-2.4580713757396464,dress
2023-03-12,-5.1792252218934935,dress
2023-03-19,-3.885955991124263,dress
2023-03-26,-0.8474944526627195,dress
2023-04-02,0.18135170118343022,dress
2023-04-09,0.45058247041420385,dress
2023-04-16,2.9650055473372787,dress
2023-04-23,5.241447855029583,dress
2023-04-30,12.267890162721896,dress
2023-05-07,11.544332470414199,dress
2023-05-14,14.815967085798816,dress
2023-05-21,13.597217085798816,dress
2023-05-28,12.645294008875743,dress
2023-06-04,15.741447855029586,dress
2023-06-11,20.67173631656805,dress
2023-06-18,23.693370931952664,dress
2023-06-25,17.777505547337277,dress
2023-07-02,13.272697855029591,dress
2023-07-09,10.719813239644974,dress
2023-07-16,7.991447855029588,dress
2023-07-23,4.765486316568048,dress
2023-07-30,4.303947855029587,dress
2023-08-06,1.6044286242603554,dress
2023-08-13,-1.3571098372781045,dress
2023-08-20,-0.3138406065088746,dress
2023-08-27,-3.7657636834319512,dress
2023-09-03,-5.736917529585798,dress
2023-09-10,-6.47249445266272,dress
2023-09-17,-5.965282914201182,dress
2023-09-24,-7.4460521449704204,dress
2023-10-01,-9.179225221893494,dress
2023-10-08,-6.446052144970415,dress
2023-10-15,-10.486917529585797,dress
2023-10-22,-12.527782914201183,dress
2023-10-29,-14.544609837278108,dress
2023-11-05,-12.559032914201186,dress
2023-11-12,-11.845090606508878,dress
2023-11-19,-9.87393676035503,dress
2023-11-26,-11.123936760355035,dress
