,trend,colour
2018-12-02,,gray
2018-12-09,,gray
2018-12-16,,gray
2018-12-23,,gray
2018-12-30,,gray
2019-01-06,,gray
2019-01-13,,gray
2019-01-20,,gray
2019-01-27,,gray
2019-02-03,,gray
2019-02-10,,gray
2019-02-17,,gray
2019-02-24,,gray
2019-03-03,,gray
2019-03-10,,gray
2019-03-17,,gray
2019-03-24,,gray
2019-03-31,,gray
2019-04-07,,gray
2019-04-14,,gray
2019-04-21,,gray
2019-04-28,,gray
2019-05-05,,gray
2019-05-12,,gray
2019-05-19,,gray
2019-05-26,,gray
2019-06-02,38.86538461538462,gray
2019-06-09,38.82692307692307,gray
2019-06-16,38.78846153846154,gray
2019-06-23,38.74038461538462,gray
2019-06-30,38.70192307692307,gray
2019-07-07,38.692307692307686,gray
2019-07-14,38.60576923076923,gray
2019-07-21,38.53846153846153,gray
2019-07-28,38.528846153846146,gray
2019-08-04,38.50961538461538,gray
2019-08-11,38.42307692307693,gray
2019-08-18,38.34615384615385,gray
2019-08-25,38.37500000000001,gray
2019-09-01,38.39423076923078,gray
2019-09-08,38.28846153846154,gray
2019-09-15,38.0,gray
2019-09-22,37.71153846153847,gray
2019-09-29,37.5,gray
2019-10-06,37.34615384615384,gray
2019-10-13,37.3076923076923,gray
2019-10-20,37.29807692307692,gray
2019-10-27,37.29807692307692,gray
2019-11-03,37.27884615384615,gray
2019-11-10,37.22115384615384,gray
2019-11-17,37.28846153846155,gray
2019-11-24,37.423076923076934,gray
2019-12-01,37.56730769230769,gray
2019-12-08,37.70192307692308,gray
2019-12-15,37.81730769230769,gray
2019-12-22,37.9423076923077,gray
2019-12-29,38.086538461538474,gray
2020-01-05,38.23076923076924,gray
2020-01-12,38.28846153846154,gray
2020-01-19,38.34615384615385,gray
2020-01-26,38.442307692307686,gray
2020-02-02,38.576923076923066,gray
2020-02-09,38.74999999999999,gray
2020-02-16,38.88461538461539,gray
2020-02-23,39.03846153846154,gray
2020-03-01,39.21153846153846,gray
2020-03-08,39.394230769230774,gray
2020-03-15,39.46153846153847,gray
2020-03-22,39.480769230769226,gray
2020-03-29,39.55769230769231,gray
2020-04-05,39.682692307692314,gray
2020-04-12,39.894230769230774,gray
2020-04-19,40.06730769230769,gray
2020-04-26,40.17307692307693,gray
2020-05-03,40.25,gray
2020-05-10,40.36538461538461,gray
2020-05-17,40.55769230769231,gray
2020-05-24,40.77884615384615,gray
2020-05-31,40.99038461538461,gray
2020-06-07,41.17307692307692,gray
2020-06-14,41.35576923076923,gray
2020-06-21,41.53846153846153,gray
2020-06-28,41.701923076923066,gray
2020-07-05,41.84615384615385,gray
2020-07-12,42.028846153846146,gray
2020-07-19,42.22115384615384,gray
2020-07-26,42.34615384615385,gray
2020-08-02,42.49999999999999,gray
2020-08-09,42.70192307692308,gray
2020-08-16,42.875,gray
2020-08-23,43.11538461538461,gray
2020-08-30,43.375,gray
2020-09-06,43.644230769230774,gray
2020-09-13,44.02884615384615,gray
2020-09-20,44.40384615384615,gray
2020-09-27,44.6923076923077,gray
2020-10-04,44.88461538461539,gray
2020-10-11,45.02884615384615,gray
2020-10-18,45.18269230769231,gray
2020-10-25,45.31730769230769,gray
2020-11-01,45.42307692307693,gray
2020-11-08,45.519230769230774,gray
2020-11-15,45.54807692307693,gray
2020-11-22,45.54807692307692,gray
2020-11-29,45.54807692307693,gray
2020-12-06,45.5,gray
2020-12-13,45.394230769230774,gray
2020-12-20,45.30769230769231,gray
2020-12-27,45.22115384615384,gray
2021-01-03,45.11538461538461,gray
2021-01-10,45.07692307692307,gray
2021-01-17,45.05769230769231,gray
2021-01-24,45.0,gray
2021-01-31,44.91346153846154,gray
2021-02-07,44.82692307692309,gray
2021-02-14,44.74038461538461,gray
2021-02-21,44.63461538461539,gray
2021-02-28,44.54807692307693,gray
2021-03-07,44.480769230769226,gray
2021-03-14,44.41346153846154,gray
2021-03-21,44.39423076923078,gray
2021-03-28,44.423076923076934,gray
2021-04-04,44.42307692307693,gray
2021-04-11,44.36538461538461,gray
2021-04-18,44.29807692307692,gray
2021-04-25,44.27884615384614,gray
2021-05-02,44.29807692307692,gray
2021-05-09,44.355769230769226,gray
2021-05-16,44.365384615384606,gray
2021-05-23,44.28846153846153,gray
2021-05-30,44.221153846153854,gray
2021-06-06,44.182692307692314,gray
2021-06-13,44.15384615384616,gray
2021-06-20,44.144230769230774,gray
2021-06-27,44.17307692307693,gray
2021-07-04,44.27884615384615,gray
2021-07-11,44.39423076923077,gray
2021-07-18,44.45192307692309,gray
2021-07-25,44.58653846153846,gray
2021-08-01,44.72115384615385,gray
2021-08-08,44.77884615384616,gray
2021-08-15,44.88461538461539,gray
2021-08-22,44.86538461538462,gray
2021-08-29,44.74999999999999,gray
2021-09-05,44.740384615384606,gray
2021-09-12,44.78846153846154,gray
2021-09-19,44.85576923076923,gray
2021-09-26,44.97115384615385,gray
2021-10-03,45.125,gray
2021-10-10,45.17307692307691,gray
2021-10-17,45.17307692307691,gray
2021-10-24,45.21153846153846,gray
2021-10-31,45.20192307692308,gray
2021-11-07,45.17307692307693,gray
2021-11-14,45.17307692307693,gray
2021-11-21,45.15384615384615,gray
2021-11-28,45.07692307692308,gray
2021-12-05,45.07692307692308,gray
2021-12-12,45.18269230769231,gray
2021-12-19,45.269230769230774,gray
2021-12-26,45.44230769230771,gray
2022-01-02,45.67307692307693,gray
2022-01-09,45.83653846153847,gray
2022-01-16,45.9423076923077,gray
2022-01-23,46.02884615384615,gray
2022-01-30,46.096153846153854,gray
2022-02-06,46.16346153846155,gray
2022-02-13,46.28846153846154,gray
2022-02-20,46.39423076923078,gray
2022-02-27,46.50961538461539,gray
2022-03-06,46.61538461538462,gray
2022-03-13,46.673076923076934,gray
2022-03-20,46.73076923076923,gray
2022-03-27,46.77884615384615,gray
2022-04-03,46.78846153846154,gray
2022-04-10,46.81730769230769,gray
2022-04-17,46.875,gray
2022-04-24,46.875000000000014,gray
2022-05-01,46.894230769230774,gray
2022-05-08,46.91346153846154,gray
2022-05-15,47.0,gray
2022-05-22,47.18269230769231,gray
2022-05-29,47.33653846153846,gray
2022-06-05,47.47115384615385,gray
2022-06-12,47.61538461538462,gray
2022-06-19,47.721153846153854,gray
2022-06-26,47.8173076923077,gray
2022-07-03,47.894230769230774,gray
2022-07-10,47.96153846153847,gray
2022-07-17,48.08653846153846,gray
2022-07-24,48.15384615384615,gray
2022-07-31,48.18269230769231,gray
2022-08-07,48.21153846153847,gray
2022-08-14,48.20192307692308,gray
2022-08-21,48.16346153846153,gray
2022-08-28,48.17307692307693,gray
2022-09-04,48.20192307692308,gray
2022-09-11,48.18269230769231,gray
2022-09-18,48.20192307692307,gray
2022-09-25,48.22115384615385,gray
2022-10-02,48.19230769230769,gray
2022-10-09,48.21153846153846,gray
2022-10-16,48.25961538461539,gray
2022-10-23,48.28846153846154,gray
2022-10-30,48.355769230769226,gray
2022-11-06,48.40384615384615,gray
2022-11-13,48.42307692307692,gray
2022-11-20,48.47115384615385,gray
2022-11-27,48.53846153846154,gray
2022-12-04,48.53846153846153,gray
2022-12-11,48.50961538461539,gray
2022-12-18,48.50961538461539,gray
2022-12-25,48.40384615384615,gray
2023-01-01,48.29807692307692,gray
2023-01-08,48.26923076923077,gray
2023-01-15,48.24999999999999,gray
2023-01-22,48.25961538461538,gray
2023-01-29,48.26923076923077,gray
2023-02-05,48.24038461538462,gray
2023-02-12,48.17307692307693,gray
2023-02-19,48.10576923076923,gray
2023-02-26,48.057692307692314,gray
2023-03-05,48.04807692307692,gray
2023-03-12,48.067307692307686,gray
2023-03-19,48.09615384615384,gray
2023-03-26,48.09615384615384,gray
2023-04-02,48.09615384615384,gray
2023-04-09,48.0576923076923,gray
2023-04-16,48.06730769230769,gray
2023-04-23,48.24999999999999,gray
2023-04-30,48.42307692307692,gray
2023-05-07,48.53846153846154,gray
2023-05-14,48.58653846153846,gray
2023-05-21,48.69230769230769,gray
2023-05-28,49.0,gray
2023-06-04,49.0,gray
2023-06-11,49.0,gray
2023-06-18,49.0,gray
2023-06-25,49.0,gray
2023-07-02,49.0,gray
2023-07-09,49.0,gray
2023-07-16,49.0,gray
2023-07-23,49.0,gray
2023-07-30,49.0,gray
2023-08-06,49.0,gray
2023-08-13,49.0,gray
2023-08-20,49.0,gray
2023-08-27,49.0,gray
2023-09-03,49.0,gray
2023-09-10,49.0,gray
2023-09-17,49.0,gray
2023-09-24,49.0,gray
2023-10-01,49.0,gray
2023-10-08,49.0,gray
2023-10-15,49.0,gray
2023-10-22,49.0,gray
2023-10-29,49.0,gray
2023-11-05,49.0,gray
2023-11-12,49.0,gray
2023-11-19,49.0,gray
2023-11-26,49.0,gray
2018-12-02,,yellow
2018-12-09,,yellow
2018-12-16,,yellow
2018-12-23,,yellow
2018-12-30,,yellow
2019-01-06,,yellow
2019-01-13,,yellow
2019-01-20,,yellow
2019-01-27,,yellow
2019-02-03,,yellow
2019-02-10,,yellow
2019-02-17,,yellow
2019-02-24,,yellow
2019-03-03,,yellow
2019-03-10,,yellow
2019-03-17,,yellow
2019-03-24,,yellow
2019-03-31,,yellow
2019-04-07,,yellow
2019-04-14,,yellow
2019-04-21,,yellow
2019-04-28,,yellow
2019-05-05,,yellow
2019-05-12,,yellow
2019-05-19,,yellow
2019-05-26,,yellow
2019-06-02,45.41346153846154,yellow
2019-06-09,45.07692307692308,yellow
2019-06-16,44.87500000000001,yellow
2019-06-23,44.73076923076923,yellow
2019-06-30,44.77884615384615,yellow
2019-07-07,44.88461538461538,yellow
2019-07-14,44.80769230769231,yellow
2019-07-21,44.73076923076923,yellow
2019-07-28,44.75961538461539,yellow
2019-08-04,44.74038461538463,yellow
2019-08-11,44.682692307692314,yellow
2019-08-18,44.644230769230774,yellow
2019-08-25,44.57692307692309,yellow
2019-09-01,44.50000000000001,yellow
2019-09-08,44.32692307692309,yellow
2019-09-15,43.99038461538463,yellow
2019-09-22,43.64423076923079,yellow
2019-09-29,43.384615384615394,yellow
2019-10-06,43.221153846153854,yellow
2019-10-13,43.10576923076924,yellow
2019-10-20,42.97115384615384,yellow
2019-10-27,42.90384615384615,yellow
2019-11-03,42.91346153846155,yellow
2019-11-10,42.91346153846153,yellow
2019-11-17,42.884615384615394,yellow
2019-11-24,42.8173076923077,yellow
2019-12-01,42.778846153846146,yellow
2019-12-08,42.75961538461539,yellow
2019-12-15,42.67307692307693,yellow
2019-12-22,42.711538461538474,yellow
2019-12-29,42.807692307692314,yellow
2020-01-05,42.807692307692314,yellow
2020-01-12,42.75000000000001,yellow
2020-01-19,42.673076923076934,yellow
2020-01-26,42.615384615384606,yellow
2020-02-02,42.586538461538474,yellow
2020-02-09,42.59615384615385,yellow
2020-02-16,42.65384615384615,yellow
2020-02-23,42.74038461538462,yellow
2020-03-01,42.75961538461539,yellow
2020-03-08,42.79807692307693,yellow
2020-03-15,42.87500000000001,yellow
2020-03-22,42.90384615384616,yellow
2020-03-29,42.894230769230774,yellow
2020-04-05,42.86538461538463,yellow
2020-04-12,42.81730769230769,yellow
2020-04-19,42.82692307692309,yellow
2020-04-26,42.89423076923078,yellow
2020-05-03,42.90384615384616,yellow
2020-05-10,42.9423076923077,yellow
2020-05-17,43.11538461538463,yellow
2020-05-24,43.24038461538461,yellow
2020-05-31,43.24038461538461,yellow
2020-06-07,43.259615384615394,yellow
2020-06-14,43.37500000000001,yellow
2020-06-21,43.46153846153847,yellow
2020-06-28,43.34615384615386,yellow
2020-07-05,43.250000000000014,yellow
2020-07-12,43.32692307692309,yellow
2020-07-19,43.44230769230771,yellow
2020-07-26,43.509615384615394,yellow
2020-08-02,43.52884615384615,yellow
2020-08-09,43.52884615384615,yellow
2020-08-16,43.596153846153854,yellow
2020-08-23,43.69230769230769,yellow
2020-08-30,43.75000000000001,yellow
2020-09-06,43.84615384615385,yellow
2020-09-13,44.00961538461539,yellow
2020-09-20,44.21153846153847,yellow
2020-09-27,44.45192307692309,yellow
2020-10-04,44.65384615384615,yellow
2020-10-11,44.78846153846154,yellow
2020-10-18,44.96153846153846,yellow
2020-10-25,45.08653846153846,yellow
2020-11-01,45.16346153846154,yellow
2020-11-08,45.21153846153846,yellow
2020-11-15,45.221153846153854,yellow
2020-11-22,45.29807692307693,yellow
2020-11-29,45.384615384615394,yellow
2020-12-06,45.43269230769232,yellow
2020-12-13,45.509615384615394,yellow
2020-12-20,45.49038461538462,yellow
2020-12-27,45.43269230769232,yellow
2021-01-03,45.471153846153854,yellow
2021-01-10,45.548076923076934,yellow
2021-01-17,45.68269230769231,yellow
2021-01-24,45.86538461538461,yellow
2021-01-31,45.99038461538463,yellow
2021-02-07,46.05769230769231,yellow
2021-02-14,46.12500000000001,yellow
2021-02-21,46.144230769230774,yellow
2021-02-28,46.17307692307692,yellow
2021-03-07,46.25,yellow
2021-03-14,46.317307692307686,yellow
2021-03-21,46.355769230769226,yellow
2021-03-28,46.41346153846153,yellow
2021-04-04,46.54807692307693,yellow
2021-04-11,46.70192307692308,yellow
2021-04-18,46.79807692307693,yellow
2021-04-25,46.846153846153854,yellow
2021-05-02,46.94230769230769,yellow
2021-05-09,47.057692307692314,yellow
2021-05-16,47.08653846153846,yellow
2021-05-23,47.18269230769231,yellow
2021-05-30,47.317307692307686,yellow
2021-06-06,47.38461538461539,yellow
2021-06-13,47.39423076923077,yellow
2021-06-20,47.41346153846154,yellow
2021-06-27,47.557692307692314,yellow
2021-07-04,47.730769230769226,yellow
2021-07-11,47.84615384615385,yellow
2021-07-18,47.932692307692314,yellow
2021-07-25,48.00961538461538,yellow
2021-08-01,48.11538461538462,yellow
2021-08-08,48.25961538461538,yellow
2021-08-15,48.40384615384615,yellow
2021-08-22,48.567307692307686,yellow
2021-08-29,48.77884615384616,yellow
2021-09-05,49.009615384615394,yellow
2021-09-12,49.28846153846155,yellow
2021-09-19,49.60576923076924,yellow
2021-09-26,49.83653846153847,yellow
2021-10-03,50.0673076923077,yellow
2021-10-10,50.384615384615394,yellow
2021-10-17,50.692307692307686,yellow
2021-10-24,50.99038461538462,yellow
2021-10-31,51.28846153846153,yellow
2021-11-07,51.67307692307693,yellow
2021-11-14,52.134615384615394,yellow
2021-11-21,52.43269230769232,yellow
2021-11-28,52.72115384615385,yellow
2021-12-05,53.10576923076924,yellow
2021-12-12,53.43269230769231,yellow
2021-12-19,53.769230769230774,yellow
2021-12-26,54.144230769230774,yellow
2022-01-02,54.49038461538463,yellow
2022-01-09,54.80769230769232,yellow
2022-01-16,55.03846153846153,yellow
2022-01-23,55.25961538461539,yellow
2022-01-30,55.52884615384616,yellow
2022-02-06,55.83653846153846,yellow
2022-02-13,56.12500000000001,yellow
2022-02-20,56.38461538461539,yellow
2022-02-27,56.67307692307692,yellow
2022-03-06,56.84615384615385,yellow
2022-03-13,56.971153846153854,yellow
2022-03-20,57.173076923076934,yellow
2022-03-27,57.40384615384616,yellow
2022-04-03,57.57692307692309,yellow
2022-04-10,57.72115384615385,yellow
2022-04-17,57.92307692307692,yellow
2022-04-24,58.13461538461537,yellow
2022-05-01,58.29807692307692,yellow
2022-05-08,58.4326923076923,yellow
2022-05-15,58.557692307692314,yellow
2022-05-22,58.605769230769226,yellow
2022-05-29,58.68269230769231,yellow
2022-06-05,58.85576923076923,yellow
2022-06-12,59.07692307692307,yellow
2022-06-19,59.269230769230774,yellow
2022-06-26,59.37500000000001,yellow
2022-07-03,59.49038461538462,yellow
2022-07-10,59.63461538461539,yellow
2022-07-17,59.77884615384616,yellow
2022-07-24,59.93269230769231,yellow
2022-07-31,60.09615384615386,yellow
2022-08-07,60.24038461538463,yellow
2022-08-14,60.375,yellow
2022-08-21,60.48076923076923,yellow
2022-08-28,60.52884615384615,yellow
2022-09-04,60.59615384615385,yellow
2022-09-11,60.67307692307692,yellow
2022-09-18,60.807692307692314,yellow
2022-09-25,60.96153846153847,yellow
2022-10-02,61.05769230769231,yellow
2022-10-09,61.173076923076934,yellow
2022-10-16,61.25000000000001,yellow
2022-10-23,61.3173076923077,yellow
2022-10-30,61.42307692307693,yellow
2022-11-06,61.423076923076934,yellow
2022-11-13,61.394230769230774,yellow
2022-11-20,61.45192307692309,yellow
2022-11-27,61.42307692307693,yellow
2022-12-04,61.33653846153846,yellow
2022-12-11,61.32692307692307,yellow
2022-12-18,61.39423076923076,yellow
2022-12-25,61.403846153846146,yellow
2023-01-01,61.34615384615384,yellow
2023-01-08,61.298076923076934,yellow
2023-01-15,61.27884615384615,yellow
2023-01-22,61.21153846153847,yellow
2023-01-29,61.10576923076923,yellow
2023-02-05,61.00961538461539,yellow
2023-02-12,60.95192307692308,yellow
2023-02-19,61.028846153846146,yellow
2023-02-26,61.04807692307691,yellow
2023-03-05,61.01923076923077,yellow
2023-03-12,61.02884615384616,yellow
2023-03-19,61.43269230769231,yellow
2023-03-26,61.86538461538462,yellow
2023-04-02,61.96153846153847,yellow
2023-04-09,61.99999999999999,yellow
2023-04-16,61.91346153846155,yellow
2023-04-23,61.84615384615385,yellow
2023-04-30,61.807692307692314,yellow
2023-05-07,61.76923076923077,yellow
2023-05-14,61.721153846153854,yellow
2023-05-21,61.70192307692308,yellow
2023-05-28,61.74999999999999,yellow
2023-06-04,61.74999999999999,yellow
2023-06-11,61.74999999999999,yellow
2023-06-18,61.74999999999999,yellow
2023-06-25,61.74999999999999,yellow
2023-07-02,61.74999999999999,yellow
2023-07-09,61.74999999999999,yellow
2023-07-16,61.74999999999999,yellow
2023-07-23,61.74999999999999,yellow
2023-07-30,61.74999999999999,yellow
2023-08-06,61.74999999999999,yellow
2023-08-13,61.74999999999999,yellow
2023-08-20,61.74999999999999,yellow
2023-08-27,61.74999999999999,yellow
2023-09-03,61.74999999999999,yellow
2023-09-10,61.74999999999999,yellow
2023-09-17,61.74999999999999,yellow
2023-09-24,61.74999999999999,yellow
2023-10-01,61.74999999999999,yellow
2023-10-08,61.74999999999999,yellow
2023-10-15,61.74999999999999,yellow
2023-10-22,61.74999999999999,yellow
2023-10-29,61.74999999999999,yellow
2023-11-05,61.74999999999999,yellow
2023-11-12,61.74999999999999,yellow
2023-11-19,61.74999999999999,yellow
2023-11-26,61.74999999999999,yellow
2018-12-02,,pink
2018-12-09,,pink
2018-12-16,,pink
2018-12-23,,pink
2018-12-30,,pink
2019-01-06,,pink
2019-01-13,,pink
2019-01-20,,pink
2019-01-27,,pink
2019-02-03,,pink
2019-02-10,,pink
2019-02-17,,pink
2019-02-24,,pink
2019-03-03,,pink
2019-03-10,,pink
2019-03-17,,pink
2019-03-24,,pink
2019-03-31,,pink
2019-04-07,,pink
2019-04-14,,pink
2019-04-21,,pink
2019-04-28,,pink
2019-05-05,,pink
2019-05-12,,pink
2019-05-19,,pink
2019-05-26,,pink
2019-06-02,33.019230769230774,pink
2019-06-09,33.0673076923077,pink
2019-06-16,33.12500000000001,pink
2019-06-23,33.182692307692314,pink
2019-06-30,33.24038461538461,pink
2019-07-07,33.29807692307693,pink
2019-07-14,33.355769230769226,pink
2019-07-21,33.45192307692308,pink
2019-07-28,33.53846153846154,pink
2019-08-04,33.567307692307686,pink
2019-08-11,33.57692307692309,pink
2019-08-18,33.57692307692309,pink
2019-08-25,33.57692307692307,pink
2019-09-01,33.58653846153846,pink
2019-09-08,33.54807692307692,pink
2019-09-15,33.375,pink
2019-09-22,33.144230769230774,pink
2019-09-29,32.94230769230769,pink
2019-10-06,32.86538461538462,pink
2019-10-13,32.83653846153846,pink
2019-10-20,32.71153846153846,pink
2019-10-27,32.57692307692307,pink
2019-11-03,32.30769230769231,pink
2019-11-10,31.951923076923084,pink
2019-11-17,31.769230769230774,pink
2019-11-24,31.6923076923077,pink
2019-12-01,31.65384615384616,pink
2019-12-08,31.66346153846154,pink
2019-12-15,31.673076923076923,pink
2019-12-22,31.663461538461537,pink
2019-12-29,31.663461538461544,pink
2020-01-05,31.64423076923077,pink
2020-01-12,31.576923076923084,pink
2020-01-19,31.52884615384616,pink
2020-01-26,31.509615384615387,pink
2020-02-02,31.500000000000004,pink
2020-02-09,31.5,pink
2020-02-16,31.490384615384617,pink
2020-02-23,31.461538461538467,pink
2020-03-01,31.451923076923077,pink
2020-03-08,31.509615384615387,pink
2020-03-15,31.596153846153847,pink
2020-03-22,31.692307692307693,pink
2020-03-29,31.78846153846154,pink
2020-04-05,31.874999999999996,pink
2020-04-12,32.00961538461539,pink
2020-04-19,32.278846153846146,pink
2020-04-26,32.50961538461538,pink
2020-05-03,32.61538461538461,pink
2020-05-10,32.70192307692308,pink
2020-05-17,32.77884615384615,pink
2020-05-24,32.77884615384615,pink
2020-05-31,32.77884615384615,pink
2020-06-07,32.875,pink
2020-06-14,32.932692307692314,pink
2020-06-21,32.96153846153846,pink
2020-06-28,33.00961538461538,pink
2020-07-05,33.03846153846154,pink
2020-07-12,33.05769230769231,pink
2020-07-19,33.06730769230769,pink
2020-07-26,33.07692307692307,pink
2020-08-02,33.15384615384615,pink
2020-08-09,33.28846153846153,pink
2020-08-16,33.46153846153847,pink
2020-08-23,33.63461538461539,pink
2020-08-30,33.77884615384615,pink
2020-09-06,33.97115384615384,pink
2020-09-13,34.269230769230774,pink
2020-09-20,34.58653846153847,pink
2020-09-27,34.92307692307693,pink
2020-10-04,35.13461538461539,pink
2020-10-11,35.24038461538462,pink
2020-10-18,35.49038461538462,pink
2020-10-25,35.82692307692308,pink
2020-11-01,36.07692307692309,pink
2020-11-08,36.23076923076924,pink
2020-11-15,36.36538461538462,pink
2020-11-22,36.50000000000001,pink
2020-11-29,36.634615384615394,pink
2020-12-06,36.75000000000001,pink
2020-12-13,36.83653846153846,pink
2020-12-20,36.92307692307691,pink
2020-12-27,37.00961538461539,pink
2021-01-03,37.11538461538461,pink
2021-01-10,37.25961538461538,pink
2021-01-17,37.46153846153846,pink
2021-01-24,37.66346153846153,pink
2021-01-31,37.8076923076923,pink
2021-02-07,37.92307692307692,pink
2021-02-14,38.028846153846146,pink
2021-02-21,38.192307692307686,pink
2021-02-28,38.33653846153847,pink
2021-03-07,38.44230769230769,pink
2021-03-14,38.53846153846155,pink
2021-03-21,38.61538461538461,pink
2021-03-28,38.769230769230774,pink
2021-04-04,38.98076923076924,pink
2021-04-11,39.17307692307693,pink
2021-04-18,39.34615384615385,pink
2021-04-25,39.52884615384616,pink
2021-05-02,39.75000000000001,pink
2021-05-09,40.02884615384616,pink
2021-05-16,40.37499999999999,pink
2021-05-23,40.75961538461538,pink
2021-05-30,41.09615384615385,pink
2021-06-06,41.37500000000001,pink
2021-06-13,41.68269230769231,pink
2021-06-20,41.95192307692309,pink
2021-06-27,42.25961538461539,pink
2021-07-04,42.70192307692307,pink
2021-07-11,43.15384615384615,pink
2021-07-18,43.53846153846154,pink
2021-07-25,43.88461538461539,pink
2021-08-01,44.24038461538461,pink
2021-08-08,44.557692307692314,pink
2021-08-15,44.91346153846155,pink
2021-08-22,45.33653846153847,pink
2021-08-29,45.72115384615385,pink
2021-09-05,46.07692307692308,pink
2021-09-12,46.38461538461539,pink
2021-09-19,46.72115384615385,pink
2021-09-26,47.10576923076923,pink
2021-10-03,47.548076923076934,pink
2021-10-10,48.03846153846155,pink
2021-10-17,48.47115384615385,pink
2021-10-24,48.84615384615385,pink
2021-10-31,49.30769230769232,pink
2021-11-07,49.86538461538462,pink
2021-11-14,50.33653846153847,pink
2021-11-21,50.769230769230774,pink
2021-11-28,51.28846153846154,pink
2021-12-05,51.77884615384617,pink
2021-12-12,52.182692307692314,pink
2021-12-19,52.56730769230769,pink
2021-12-26,52.95192307692308,pink
2022-01-02,53.37500000000001,pink
2022-01-09,53.85576923076923,pink
2022-01-16,54.22115384615385,pink
2022-01-23,54.51923076923077,pink
2022-01-30,54.971153846153854,pink
2022-02-06,55.53846153846155,pink
2022-02-13,56.048076923076934,pink
2022-02-20,56.49038461538463,pink
2022-02-27,57.01923076923078,pink
2022-03-06,57.49038461538463,pink
2022-03-13,57.826923076923094,pink
2022-03-20,58.16346153846155,pink
2022-03-27,58.432692307692314,pink
2022-04-03,58.66346153846154,pink
2022-04-10,58.83653846153847,pink
2022-04-17,58.97115384615385,pink
2022-04-24,59.10576923076923,pink
2022-05-01,59.250000000000014,pink
2022-05-08,59.45192307692309,pink
2022-05-15,59.58653846153847,pink
2022-05-22,59.71153846153847,pink
2022-05-29,59.875,pink
2022-06-05,60.09615384615385,pink
2022-06-12,60.36538461538462,pink
2022-06-19,60.63461538461539,pink
2022-06-26,60.99038461538463,pink
2022-07-03,61.39423076923078,pink
2022-07-10,61.673076923076934,pink
2022-07-17,61.86538461538462,pink
2022-07-24,62.11538461538462,pink
2022-07-31,62.34615384615385,pink
2022-08-07,62.59615384615385,pink
2022-08-14,62.86538461538462,pink
2022-08-21,63.07692307692308,pink
2022-08-28,63.25000000000001,pink
2022-09-04,63.37500000000001,pink
2022-09-11,63.59615384615385,pink
2022-09-18,63.778846153846146,pink
2022-09-25,63.83653846153846,pink
2022-10-02,63.894230769230774,pink
2022-10-09,63.96153846153846,pink
2022-10-16,64.05769230769232,pink
2022-10-23,64.1923076923077,pink
2022-10-30,64.30769230769232,pink
2022-11-06,64.34615384615385,pink
2022-11-13,64.40384615384616,pink
2022-11-20,64.49038461538461,pink
2022-11-27,64.41346153846155,pink
2022-12-04,64.29807692307692,pink
2022-12-11,64.36538461538463,pink
2022-12-18,64.4326923076923,pink
2022-12-25,64.46153846153847,pink
2023-01-01,64.50000000000001,pink
2023-01-08,64.41346153846155,pink
2023-01-15,64.40384615384616,pink
2023-01-22,64.54807692307693,pink
2023-01-29,64.57692307692308,pink
2023-02-05,64.49038461538463,pink
2023-02-12,64.41346153846155,pink
2023-02-19,64.3076923076923,pink
2023-02-26,64.125,pink
2023-03-05,63.99038461538462,pink
2023-03-12,63.93269230769231,pink
2023-03-19,63.85576923076922,pink
2023-03-26,63.78846153846154,pink
2023-04-02,63.71153846153847,pink
2023-04-09,63.58653846153847,pink
2023-04-16,63.36538461538462,pink
2023-04-23,63.24038461538463,pink
2023-04-30,63.125,pink
2023-05-07,62.91346153846153,pink
2023-05-14,62.75961538461539,pink
2023-05-21,62.59615384615384,pink
2023-05-28,62.49038461538461,pink
2023-06-04,62.49038461538461,pink
2023-06-11,62.49038461538461,pink
2023-06-18,62.49038461538461,pink
2023-06-25,62.49038461538461,pink
2023-07-02,62.49038461538461,pink
2023-07-09,62.49038461538461,pink
2023-07-16,62.49038461538461,pink
2023-07-23,62.49038461538461,pink
2023-07-30,62.49038461538461,pink
2023-08-06,62.49038461538461,pink
2023-08-13,62.49038461538461,pink
2023-08-20,62.49038461538461,pink
2023-08-27,62.49038461538461,pink
2023-09-03,62.49038461538461,pink
2023-09-10,62.49038461538461,pink
2023-09-17,62.49038461538461,pink
2023-09-24,62.49038461538461,pink
2023-10-01,62.49038461538461,pink
2023-10-08,62.49038461538461,pink
2023-10-15,62.49038461538461,pink
2023-10-22,62.49038461538461,pink
2023-10-29,62.49038461538461,pink
2023-11-05,62.49038461538461,pink
2023-11-12,62.49038461538461,pink
2023-11-19,62.49038461538461,pink
2023-11-26,62.49038461538461,pink
2018-12-02,,brown
2018-12-09,,brown
2018-12-16,,brown
2018-12-23,,brown
2018-12-30,,brown
2019-01-06,,brown
2019-01-13,,brown
2019-01-20,,brown
2019-01-27,,brown
2019-02-03,,brown
2019-02-10,,brown
2019-02-17,,brown
2019-02-24,,brown
2019-03-03,,brown
2019-03-10,,brown
2019-03-17,,brown
2019-03-24,,brown
2019-03-31,,brown
2019-04-07,,brown
2019-04-14,,brown
2019-04-21,,brown
2019-04-28,,brown
2019-05-05,,brown
2019-05-12,,brown
2019-05-19,,brown
2019-05-26,,brown
2019-06-02,17.509615384615383,brown
2019-06-09,17.500000000000004,brown
2019-06-16,17.480769230769234,brown
2019-06-23,17.471153846153843,brown
2019-06-30,17.451923076923073,brown
2019-07-07,17.44230769230769,brown
2019-07-14,17.46153846153846,brown
2019-07-21,17.480769230769226,brown
2019-07-28,17.471153846153847,brown
2019-08-04,17.442307692307693,brown
2019-08-11,17.41346153846154,brown
2019-08-18,17.403846153846157,brown
2019-08-25,17.403846153846157,brown
2019-09-01,17.41346153846154,brown
2019-09-08,17.384615384615387,brown
2019-09-15,17.26923076923077,brown
2019-09-22,17.153846153846157,brown
2019-09-29,17.096153846153847,brown
2019-10-06,17.09615384615385,brown
2019-10-13,17.163461538461544,brown
2019-10-20,17.22115384615385,brown
2019-10-27,17.26923076923077,brown
2019-11-03,17.317307692307693,brown
2019-11-10,17.35576923076923,brown
2019-11-17,17.413461538461544,brown
2019-11-24,17.500000000000004,brown
2019-12-01,17.605769230769234,brown
2019-12-08,17.70192307692308,brown
2019-12-15,17.76923076923077,brown
2019-12-22,17.81730769230769,brown
2019-12-29,17.894230769230766,brown
2020-01-05,17.971153846153847,brown
2020-01-12,18.019230769230777,brown
2020-01-19,18.057692307692314,brown
2020-01-26,18.086538461538463,brown
2020-02-02,18.115384615384617,brown
2020-02-09,18.163461538461537,brown
2020-02-16,18.221153846153843,brown
2020-02-23,18.26923076923077,brown
2020-03-01,18.326923076923084,brown
2020-03-08,18.403846153846157,brown
2020-03-15,18.442307692307697,brown
2020-03-22,18.442307692307693,brown
2020-03-29,18.451923076923077,brown
2020-04-05,18.490384615384617,brown
2020-04-12,18.557692307692307,brown
2020-04-19,18.625,brown
2020-04-26,18.673076923076927,brown
2020-05-03,18.682692307692307,brown
2020-05-10,18.682692307692307,brown
2020-05-17,18.701923076923073,brown
2020-05-24,18.71153846153846,brown
2020-05-31,18.721153846153847,brown
2020-06-07,18.769230769230774,brown
2020-06-14,18.846153846153847,brown
2020-06-21,18.903846153846153,brown
2020-06-28,18.94230769230769,brown
2020-07-05,18.990384615384613,brown
2020-07-12,19.02884615384615,brown
2020-07-19,19.048076923076927,brown
2020-07-26,19.076923076923077,brown
2020-08-02,19.115384615384613,brown
2020-08-09,19.13461538461538,brown
2020-08-16,19.153846153846153,brown
2020-08-23,19.201923076923077,brown
2020-08-30,19.249999999999996,brown
2020-09-06,19.317307692307693,brown
2020-09-13,19.451923076923077,brown
2020-09-20,19.605769230769234,brown
2020-09-27,19.711538461538463,brown
2020-10-04,19.759615384615387,brown
2020-10-11,19.778846153846157,brown
2020-10-18,19.807692307692307,brown
2020-10-25,19.817307692307697,brown
2020-11-01,19.817307692307693,brown
2020-11-08,19.807692307692314,brown
2020-11-15,19.77884615384616,brown
2020-11-22,19.730769230769237,brown
2020-11-29,19.673076923076923,brown
2020-12-06,19.625,brown
2020-12-13,19.567307692307693,brown
2020-12-20,19.51923076923077,brown
2020-12-27,19.47115384615385,brown
2021-01-03,19.423076923076923,brown
2021-01-10,19.403846153846157,brown
2021-01-17,19.403846153846153,brown
2021-01-24,19.403846153846153,brown
2021-01-31,19.403846153846157,brown
2021-02-07,19.423076923076923,brown
2021-02-14,19.44230769230769,brown
2021-02-21,19.442307692307693,brown
2021-02-28,19.423076923076923,brown
2021-03-07,19.413461538461537,brown
2021-03-14,19.432692307692314,brown
2021-03-21,19.45192307692308,brown
2021-03-28,19.461538461538467,brown
2021-04-04,19.461538461538467,brown
2021-04-11,19.47115384615385,brown
2021-04-18,19.480769230769234,brown
2021-04-25,19.500000000000004,brown
2021-05-02,19.557692307692307,brown
2021-05-09,19.673076923076923,brown
2021-05-16,19.778846153846153,brown
2021-05-23,19.83653846153846,brown
2021-05-30,19.894230769230766,brown
2021-06-06,19.951923076923073,brown
2021-06-13,19.990384615384617,brown
2021-06-20,20.009615384615383,brown
2021-06-27,20.057692307692307,brown
2021-07-04,20.153846153846153,brown
2021-07-11,20.23076923076923,brown
2021-07-18,20.278846153846153,brown
2021-07-25,20.355769230769234,brown
2021-08-01,20.432692307692307,brown
2021-08-08,20.490384615384617,brown
2021-08-15,20.57692307692308,brown
2021-08-22,20.64423076923077,brown
2021-08-29,20.673076923076923,brown
2021-09-05,20.711538461538463,brown
2021-09-12,20.75961538461538,brown
2021-09-19,20.78846153846154,brown
2021-09-26,20.807692307692307,brown
2021-10-03,20.836538461538463,brown
2021-10-10,20.846153846153847,brown
2021-10-17,20.855769230769226,brown
2021-10-24,20.874999999999993,brown
2021-10-31,20.884615384615383,brown
2021-11-07,20.923076923076923,brown
2021-11-14,21.0,brown
2021-11-21,21.057692307692307,brown
2021-11-28,21.105769230769237,brown
2021-12-05,21.153846153846157,brown
2021-12-12,21.201923076923084,brown
2021-12-19,21.259615384615387,brown
2021-12-26,21.317307692307693,brown
2022-01-02,21.36538461538462,brown
2022-01-09,21.403846153846157,brown
2022-01-16,21.432692307692314,brown
2022-01-23,21.519230769230777,brown
2022-01-30,21.615384615384617,brown
2022-02-06,21.634615384615387,brown
2022-02-13,21.653846153846153,brown
2022-02-20,21.692307692307693,brown
2022-02-27,21.740384615384617,brown
2022-03-06,21.79807692307692,brown
2022-03-13,21.85576923076923,brown
2022-03-20,21.913461538461537,brown
2022-03-27,21.98076923076923,brown
2022-04-03,22.048076923076923,brown
2022-04-10,22.096153846153847,brown
2022-04-17,22.134615384615383,brown
2022-04-24,22.163461538461537,brown
2022-05-01,22.19230769230769,brown
2022-05-08,22.17307692307692,brown
2022-05-15,22.153846153846146,brown
2022-05-22,22.21153846153846,brown
2022-05-29,22.259615384615383,brown
2022-06-05,22.28846153846154,brown
2022-06-12,22.33653846153846,brown
2022-06-19,22.384615384615387,brown
2022-06-26,22.45192307692308,brown
2022-07-03,22.490384615384613,brown
2022-07-10,22.548076923076923,brown
2022-07-17,22.653846153846153,brown
2022-07-24,22.711538461538463,brown
2022-07-31,22.778846153846157,brown
2022-08-07,22.875000000000004,brown
2022-08-14,22.894230769230774,brown
2022-08-21,22.942307692307697,brown
2022-08-28,23.038461538461544,brown
2022-09-04,23.076923076923077,brown
2022-09-11,23.096153846153847,brown
2022-09-18,23.115384615384617,brown
2022-09-25,23.153846153846157,brown
2022-10-02,23.192307692307697,brown
2022-10-09,23.230769230769234,brown
2022-10-16,23.25961538461539,brown
2022-10-23,23.28846153846154,brown
2022-10-30,23.32692307692308,brown
2022-11-06,23.346153846153843,brown
2022-11-13,23.33653846153846,brown
2022-11-20,23.33653846153846,brown
2022-11-27,23.326923076923073,brown
2022-12-04,23.31730769230769,brown
2022-12-11,23.355769230769226,brown
2022-12-18,23.384615384615383,brown
2022-12-25,23.403846153846153,brown
2023-01-01,23.451923076923077,brown
2023-01-08,23.490384615384617,brown
2023-01-15,23.519230769230766,brown
2023-01-22,23.499999999999996,brown
2023-01-29,23.480769230769226,brown
2023-02-05,23.509615384615383,brown
2023-02-12,23.52884615384615,brown
2023-02-19,23.54807692307692,brown
2023-02-26,23.576923076923077,brown
2023-03-05,23.596153846153847,brown
2023-03-12,23.605769230769234,brown
2023-03-19,23.625000000000004,brown
2023-03-26,23.63461538461539,brown
2023-04-02,23.625000000000004,brown
2023-04-09,23.61538461538462,brown
2023-04-16,23.63461538461539,brown
2023-04-23,23.682692307692307,brown
2023-04-30,23.730769230769237,brown
2023-05-07,23.78846153846154,brown
2023-05-14,23.84615384615385,brown
2023-05-21,23.875,brown
2023-05-28,23.91346153846154,brown
2023-06-04,23.91346153846154,brown
2023-06-11,23.91346153846154,brown
2023-06-18,23.91346153846154,brown
2023-06-25,23.91346153846154,brown
2023-07-02,23.91346153846154,brown
2023-07-09,23.91346153846154,brown
2023-07-16,23.91346153846154,brown
2023-07-23,23.91346153846154,brown
2023-07-30,23.91346153846154,brown
2023-08-06,23.91346153846154,brown
2023-08-13,23.91346153846154,brown
2023-08-20,23.91346153846154,brown
2023-08-27,23.91346153846154,brown
2023-09-03,23.91346153846154,brown
2023-09-10,23.91346153846154,brown
2023-09-17,23.91346153846154,brown
2023-09-24,23.91346153846154,brown
2023-10-01,23.91346153846154,brown
2023-10-08,23.91346153846154,brown
2023-10-15,23.91346153846154,brown
2023-10-22,23.91346153846154,brown
2023-10-29,23.91346153846154,brown
2023-11-05,23.91346153846154,brown
2023-11-12,23.91346153846154,brown
2023-11-19,23.91346153846154,brown
2023-11-26,23.91346153846154,brown
2018-12-02,,purple
2018-12-09,,purple
2018-12-16,,purple
2018-12-23,,purple
2018-12-30,,purple
2019-01-06,,purple
2019-01-13,,purple
2019-01-20,,purple
2019-01-27,,purple
2019-02-03,,purple
2019-02-10,,purple
2019-02-17,,purple
2019-02-24,,purple
2019-03-03,,purple
2019-03-10,,purple
2019-03-17,,purple
2019-03-24,,purple
2019-03-31,,purple
2019-04-07,,purple
2019-04-14,,purple
2019-04-21,,purple
2019-04-28,,purple
2019-05-05,,purple
2019-05-12,,purple
2019-05-19,,purple
2019-05-26,,purple
2019-06-02,8.92307692307692,purple
2019-06-09,8.942307692307692,purple
2019-06-16,8.961538461538462,purple
2019-06-23,8.990384615384615,purple
2019-06-30,9.028846153846152,purple
2019-07-07,9.067307692307692,purple
2019-07-14,9.096153846153843,purple
2019-07-21,9.144230769230768,purple
2019-07-28,9.19230769230769,purple
2019-08-04,9.23076923076923,purple
2019-08-11,9.288461538461535,purple
2019-08-18,9.355769230769228,purple
2019-08-25,9.403846153846152,purple
2019-09-01,9.394230769230768,purple
2019-09-08,9.375,purple
2019-09-15,9.384615384615385,purple
2019-09-22,9.394230769230768,purple
2019-09-29,9.403846153846153,purple
2019-10-06,9.442307692307692,purple
2019-10-13,9.509615384615385,purple
2019-10-20,9.557692307692307,purple
2019-10-27,9.60576923076923,purple
2019-11-03,9.663461538461537,purple
2019-11-10,9.730769230769228,purple
2019-11-17,9.817307692307692,purple
2019-11-24,9.903846153846152,purple
2019-12-01,9.980769230769228,purple
2019-12-08,10.04807692307692,purple
2019-12-15,10.10576923076923,purple
2019-12-22,10.153846153846152,purple
2019-12-29,10.211538461538462,purple
2020-01-05,10.288461538461537,purple
2020-01-12,10.355769230769228,purple
2020-01-19,10.394230769230768,purple
2020-01-26,10.413461538461537,purple
2020-02-02,10.432692307692307,purple
2020-02-09,10.451923076923077,purple
2020-02-16,10.480769230769228,purple
2020-02-23,10.519230769230766,purple
2020-03-01,10.548076923076923,purple
2020-03-08,10.576923076923077,purple
2020-03-15,10.60576923076923,purple
2020-03-22,10.644230769230768,purple
2020-03-29,10.682692307692305,purple
2020-04-05,10.701923076923075,purple
2020-04-12,10.749999999999998,purple
2020-04-19,10.798076923076922,purple
2020-04-26,10.826923076923075,purple
2020-05-03,10.855769230769228,purple
2020-05-10,10.884615384615383,purple
2020-05-17,10.903846153846152,purple
2020-05-24,10.923076923076922,purple
2020-05-31,10.932692307692308,purple
2020-06-07,10.942307692307692,purple
2020-06-14,10.971153846153845,purple
2020-06-21,10.990384615384615,purple
2020-06-28,11.0,purple
2020-07-05,11.009615384615385,purple
2020-07-12,11.01923076923077,purple
2020-07-19,11.01923076923077,purple
2020-07-26,11.038461538461538,purple
2020-08-02,11.067307692307692,purple
2020-08-09,11.076923076923075,purple
2020-08-16,11.08653846153846,purple
2020-08-23,11.115384615384615,purple
2020-08-30,11.153846153846155,purple
2020-09-06,11.269230769230768,purple
2020-09-13,11.375000000000002,purple
2020-09-20,11.403846153846153,purple
2020-09-27,11.490384615384615,purple
2020-10-04,11.557692307692308,purple
2020-10-11,11.567307692307692,purple
2020-10-18,11.576923076923077,purple
2020-10-25,11.55769230769231,purple
2020-11-01,11.51923076923077,purple
2020-11-08,11.480769230769232,purple
2020-11-15,11.432692307692308,purple
2020-11-22,11.374999999999998,purple
2020-11-29,11.326923076923075,purple
2020-12-06,11.298076923076922,purple
2020-12-13,11.259615384615383,purple
2020-12-20,11.221153846153847,purple
2020-12-27,11.192307692307692,purple
2021-01-03,11.153846153846153,purple
2021-01-10,11.124999999999998,purple
2021-01-17,11.115384615384613,purple
2021-01-24,11.124999999999996,purple
2021-01-31,11.124999999999998,purple
2021-02-07,11.115384615384615,purple
2021-02-14,11.096153846153847,purple
2021-02-21,11.067307692307693,purple
2021-02-28,11.048076923076923,purple
2021-03-07,11.038461538461538,purple
2021-03-14,11.028846153846153,purple
2021-03-21,10.98076923076923,purple
2021-03-28,10.923076923076922,purple
2021-04-04,10.874999999999998,purple
2021-04-11,10.817307692307693,purple
2021-04-18,10.759615384615381,purple
2021-04-25,10.682692307692307,purple
2021-05-02,10.586538461538462,purple
2021-05-09,10.490384615384615,purple
2021-05-16,10.403846153846155,purple
2021-05-23,10.317307692307695,purple
2021-05-30,10.230769230769234,purple
2021-06-06,10.163461538461538,purple
2021-06-13,10.10576923076923,purple
2021-06-20,10.048076923076922,purple
2021-06-27,9.990384615384615,purple
2021-07-04,9.932692307692307,purple
2021-07-11,9.894230769230768,purple
2021-07-18,9.865384615384613,purple
2021-07-25,9.817307692307692,purple
2021-08-01,9.759615384615383,purple
2021-08-08,9.711538461538462,purple
2021-08-15,9.663461538461538,purple
2021-08-22,9.596153846153847,purple
2021-08-29,9.509615384615385,purple
2021-09-05,9.394230769230768,purple
2021-09-12,9.326923076923078,purple
2021-09-19,9.307692307692308,purple
2021-09-26,9.23076923076923,purple
2021-10-03,9.153846153846153,purple
2021-10-10,9.115384615384615,purple
2021-10-17,9.086538461538462,purple
2021-10-24,9.076923076923077,purple
2021-10-31,9.067307692307692,purple
2021-11-07,9.028846153846152,purple
2021-11-14,8.971153846153845,purple
2021-11-21,8.932692307692308,purple
2021-11-28,8.903846153846153,purple
2021-12-05,8.865384615384617,purple
2021-12-12,8.826923076923077,purple
2021-12-19,8.788461538461538,purple
2021-12-26,8.740384615384613,purple
2022-01-02,8.682692307692308,purple
2022-01-09,8.625,purple
2022-01-16,8.567307692307693,purple
2022-01-23,8.5,purple
2022-01-30,8.442307692307693,purple
2022-02-06,8.39423076923077,purple
2022-02-13,8.346153846153847,purple
2022-02-20,8.298076923076923,purple
2022-02-27,8.250000000000002,purple
2022-03-06,8.211538461538463,purple
2022-03-13,8.173076923076923,purple
2022-03-20,8.14423076923077,purple
2022-03-27,8.134615384615385,purple
2022-04-03,8.134615384615385,purple
2022-04-10,8.105769230769232,purple
2022-04-17,8.067307692307693,purple
2022-04-24,8.057692307692308,purple
2022-05-01,8.067307692307693,purple
2022-05-08,8.076923076923078,purple
2022-05-15,8.086538461538462,purple
2022-05-22,8.086538461538463,purple
2022-05-29,8.086538461538462,purple
2022-06-05,8.07692307692308,purple
2022-06-12,8.048076923076923,purple
2022-06-19,8.028846153846155,purple
2022-06-26,8.01923076923077,purple
2022-07-03,8.009615384615387,purple
2022-07-10,7.9711538461538485,purple
2022-07-17,7.932692307692309,purple
2022-07-24,7.913461538461539,purple
2022-07-31,7.903846153846155,purple
2022-08-07,7.884615384615386,purple
2022-08-14,7.855769230769233,purple
2022-08-21,7.8365384615384635,purple
2022-08-28,7.817307692307695,purple
2022-09-04,7.7307692307692335,purple
2022-09-11,7.567307692307693,purple
2022-09-18,7.403846153846155,purple
2022-09-25,7.240384615384616,purple
2022-10-02,7.067307692307693,purple
2022-10-09,6.884615384615385,purple
2022-10-16,6.701923076923078,purple
2022-10-23,6.528846153846154,purple
2022-10-30,6.365384615384617,purple
2022-11-06,6.230769230769232,purple
2022-11-13,6.115384615384617,purple
2022-11-20,5.990384615384616,purple
2022-11-27,5.855769230769232,purple
2022-12-04,5.721153846153847,purple
2022-12-11,5.596153846153847,purple
2022-12-18,5.471153846153847,purple
2022-12-25,5.346153846153847,purple
2023-01-01,5.230769230769232,purple
2023-01-08,5.115384615384617,purple
2023-01-15,5.0,purple
2023-01-22,4.884615384615385,purple
2023-01-29,4.76923076923077,purple
2023-02-05,4.653846153846154,purple
2023-02-12,4.538461538461538,purple
2023-02-19,4.423076923076923,purple
2023-02-26,4.307692307692308,purple
2023-03-05,4.182692307692308,purple
2023-03-12,4.057692307692308,purple
2023-03-19,3.942307692307692,purple
2023-03-26,3.817307692307692,purple
2023-04-02,3.692307692307692,purple
2023-04-09,3.5769230769230766,purple
2023-04-16,3.471153846153846,purple
2023-04-23,3.365384615384615,purple
2023-04-30,3.259615384615384,purple
2023-05-07,3.1538461538461533,purple
2023-05-14,3.0288461538461533,purple
2023-05-21,2.8942307692307687,purple
2023-05-28,2.7692307692307687,purple
2023-06-04,2.7692307692307687,purple
2023-06-11,2.7692307692307687,purple
2023-06-18,2.7692307692307687,purple
2023-06-25,2.7692307692307687,purple
2023-07-02,2.7692307692307687,purple
2023-07-09,2.7692307692307687,purple
2023-07-16,2.7692307692307687,purple
2023-07-23,2.7692307692307687,purple
2023-07-30,2.7692307692307687,purple
2023-08-06,2.7692307692307687,purple
2023-08-13,2.7692307692307687,purple
2023-08-20,2.7692307692307687,purple
2023-08-27,2.7692307692307687,purple
2023-09-03,2.7692307692307687,purple
2023-09-10,2.7692307692307687,purple
2023-09-17,2.7692307692307687,purple
2023-09-24,2.7692307692307687,purple
2023-10-01,2.7692307692307687,purple
2023-10-08,2.7692307692307687,purple
2023-10-15,2.7692307692307687,purple
2023-10-22,2.7692307692307687,purple
2023-10-29,2.7692307692307687,purple
2023-11-05,2.7692307692307687,purple
2023-11-12,2.7692307692307687,purple
2023-11-19,2.7692307692307687,purple
2023-11-26,2.7692307692307687,purple
2018-12-02,,black
2018-12-09,,black
2018-12-16,,black
2018-12-23,,black
2018-12-30,,black
2019-01-06,,black
2019-01-13,,black
2019-01-20,,black
2019-01-27,,black
2019-02-03,,black
2019-02-10,,black
2019-02-17,,black
2019-02-24,,black
2019-03-03,,black
2019-03-10,,black
2019-03-17,,black
2019-03-24,,black
2019-03-31,,black
2019-04-07,,black
2019-04-14,,black
2019-04-21,,black
2019-04-28,,black
2019-05-05,,black
2019-05-12,,black
2019-05-19,,black
2019-05-26,,black
2019-06-02,36.39423076923078,black
2019-06-09,36.586538461538474,black
2019-06-16,36.73076923076923,black
2019-06-23,36.875,black
2019-06-30,37.0576923076923,black
2019-07-07,37.21153846153845,black
2019-07-14,37.34615384615384,black
2019-07-21,37.47115384615384,black
2019-07-28,37.57692307692308,black
2019-08-04,37.66346153846155,black
2019-08-11,37.73076923076923,black
2019-08-18,37.80769230769232,black
2019-08-25,37.884615384615394,black
2019-09-01,37.98076923076923,black
2019-09-08,38.00961538461539,black
2019-09-15,37.92307692307693,black
2019-09-22,37.82692307692308,black
2019-09-29,37.77884615384616,black
2019-10-06,37.79807692307693,black
2019-10-13,37.86538461538461,black
2019-10-20,37.932692307692314,black
2019-10-27,37.99038461538462,black
2019-11-03,38.02884615384615,black
2019-11-10,38.02884615384616,black
2019-11-17,38.00961538461539,black
2019-11-24,37.96153846153846,black
2019-12-01,37.91346153846155,black
2019-12-08,37.807692307692314,black
2019-12-15,37.62499999999999,black
2019-12-22,37.45192307692308,black
2019-12-29,37.29807692307693,black
2020-01-05,37.18269230769231,black
2020-01-12,37.096153846153854,black
2020-01-19,37.02884615384615,black
2020-01-26,36.95192307692308,black
2020-02-02,36.875,black
2020-02-09,36.84615384615385,black
2020-02-16,36.82692307692309,black
2020-02-23,36.807692307692314,black
2020-03-01,36.79807692307693,black
2020-03-08,36.81730769230769,black
2020-03-15,36.85576923076924,black
2020-03-22,36.88461538461539,black
2020-03-29,36.91346153846154,black
2020-04-05,36.92307692307692,black
2020-04-12,36.92307692307692,black
2020-04-19,36.90384615384615,black
2020-04-26,36.83653846153847,black
2020-05-03,36.74038461538462,black
2020-05-10,36.67307692307693,black
2020-05-17,36.62500000000001,black
2020-05-24,36.55769230769231,black
2020-05-31,36.480769230769226,black
2020-06-07,36.42307692307692,black
2020-06-14,36.39423076923076,black
2020-06-21,36.326923076923066,black
2020-06-28,36.22115384615385,black
2020-07-05,36.19230769230769,black
2020-07-12,36.23076923076924,black
2020-07-19,36.27884615384617,black
2020-07-26,36.326923076923094,black
2020-08-02,36.36538461538462,black
2020-08-09,36.394230769230774,black
2020-08-16,36.41346153846154,black
2020-08-23,36.45192307692308,black
2020-08-30,36.50961538461539,black
2020-09-06,36.62500000000001,black
2020-09-13,36.82692307692308,black
2020-09-20,37.05769230769231,black
2020-09-27,37.28846153846155,black
2020-10-04,37.46153846153847,black
2020-10-11,37.586538461538474,black
2020-10-18,37.70192307692309,black
2020-10-25,37.807692307692314,black
2020-11-01,37.932692307692314,black
2020-11-08,38.07692307692308,black
2020-11-15,38.24038461538463,black
2020-11-22,38.37500000000001,black
2020-11-29,38.42307692307692,black
2020-12-06,38.50000000000001,black
2020-12-13,38.64423076923077,black
2020-12-20,38.76923076923077,black
2020-12-27,38.875,black
2021-01-03,38.98076923076924,black
2021-01-10,39.125,black
2021-01-17,39.27884615384616,black
2021-01-24,39.40384615384616,black
2021-01-31,39.50961538461538,black
2021-02-07,39.62500000000001,black
2021-02-14,39.74038461538463,black
2021-02-21,39.846153846153854,black
2021-02-28,39.99038461538462,black
2021-03-07,40.144230769230774,black
2021-03-14,40.29807692307693,black
2021-03-21,40.44230769230769,black
2021-03-28,40.60576923076923,black
2021-04-04,40.84615384615385,black
2021-04-11,41.125,black
2021-04-18,41.432692307692314,black
2021-04-25,41.75000000000001,black
2021-05-02,42.10576923076924,black
2021-05-09,42.48076923076924,black
2021-05-16,42.94230769230769,black
2021-05-23,43.6923076923077,black
2021-05-30,44.31730769230769,black
2021-06-06,44.61538461538462,black
2021-06-13,44.875,black
2021-06-20,45.125,black
2021-06-27,45.46153846153847,black
2021-07-04,45.846153846153854,black
2021-07-11,46.17307692307693,black
2021-07-18,46.45192307692308,black
2021-07-25,46.73076923076924,black
2021-08-01,47.01923076923078,black
2021-08-08,47.307692307692314,black
2021-08-15,47.65384615384615,black
2021-08-22,47.97115384615385,black
2021-08-29,48.22115384615384,black
2021-09-05,48.471153846153854,black
2021-09-12,48.74999999999999,black
2021-09-19,49.03846153846154,black
2021-09-26,49.29807692307693,black
2021-10-03,49.53846153846154,black
2021-10-10,49.74038461538463,black
2021-10-17,49.92307692307693,black
2021-10-24,50.134615384615394,black
2021-10-31,50.40384615384615,black
2021-11-07,50.73076923076923,black
2021-11-14,51.057692307692314,black
2021-11-21,51.33653846153847,black
2021-11-28,51.596153846153854,black
2021-12-05,51.884615384615394,black
2021-12-12,52.23076923076924,black
2021-12-19,52.58653846153846,black
2021-12-26,52.923076923076934,black
2022-01-02,53.32692307692309,black
2022-01-09,53.75961538461539,black
2022-01-16,54.16346153846155,black
2022-01-23,54.596153846153854,black
2022-01-30,55.06730769230769,black
2022-02-06,55.480769230769226,black
2022-02-13,55.865384615384606,black
2022-02-20,56.27884615384615,black
2022-02-27,56.66346153846154,black
2022-03-06,56.990384615384635,black
2022-03-13,57.288461538461554,black
2022-03-20,57.62500000000001,black
2022-03-27,57.951923076923094,black
2022-04-03,58.211538461538474,black
2022-04-10,58.47115384615386,black
2022-04-17,58.74038461538463,black
2022-04-24,59.0,black
2022-05-01,59.3173076923077,black
2022-05-08,59.625,black
2022-05-15,59.82692307692309,black
2022-05-22,59.98076923076923,black
2022-05-29,60.20192307692308,black
2022-06-05,60.53846153846155,black
2022-06-12,60.942307692307686,black
2022-06-19,61.32692307692307,black
2022-06-26,61.71153846153846,black
2022-07-03,62.09615384615385,black
2022-07-10,62.42307692307692,black
2022-07-17,62.75,black
2022-07-24,63.009615384615394,black
2022-07-31,63.250000000000014,black
2022-08-07,63.46153846153847,black
2022-08-14,63.596153846153854,black
2022-08-21,63.74038461538462,black
2022-08-28,63.875,black
2022-09-04,64.01923076923077,black
2022-09-11,64.09615384615385,black
2022-09-18,64.11538461538463,black
2022-09-25,64.11538461538461,black
2022-10-02,64.16346153846155,black
2022-10-09,64.26923076923077,black
2022-10-16,64.35576923076923,black
2022-10-23,64.41346153846153,black
2022-10-30,64.42307692307692,black
2022-11-06,64.38461538461539,black
2022-11-13,64.33653846153847,black
2022-11-20,64.33653846153847,black
2022-11-27,64.3173076923077,black
2022-12-04,64.23076923076923,black
2022-12-11,64.125,black
2022-12-18,64.02884615384615,black
2022-12-25,63.94230769230769,black
2023-01-01,63.82692307692308,black
2023-01-08,63.65384615384615,black
2023-01-15,63.47115384615385,black
2023-01-22,63.24038461538461,black
2023-01-29,62.96153846153846,black
2023-02-05,62.74038461538462,black
2023-02-12,62.53846153846154,black
2023-02-19,62.29807692307692,black
2023-02-26,62.0673076923077,black
2023-03-05,61.875,black
2023-03-12,61.65384615384616,black
2023-03-19,61.42307692307692,black
2023-03-26,61.23076923076923,black
2023-04-02,61.02884615384615,black
2023-04-09,60.76923076923077,black
2023-04-16,60.49038461538462,black
2023-04-23,60.21153846153847,black
2023-04-30,59.875,black
2023-05-07,59.52884615384615,black
2023-05-14,59.16346153846154,black
2023-05-21,58.61538461538461,black
2023-05-28,58.1923076923077,black
2023-06-04,58.1923076923077,black
2023-06-11,58.1923076923077,black
2023-06-18,58.1923076923077,black
2023-06-25,58.1923076923077,black
2023-07-02,58.1923076923077,black
2023-07-09,58.1923076923077,black
2023-07-16,58.1923076923077,black
2023-07-23,58.1923076923077,black
2023-07-30,58.1923076923077,black
2023-08-06,58.1923076923077,black
2023-08-13,58.1923076923077,black
2023-08-20,58.1923076923077,black
2023-08-27,58.1923076923077,black
2023-09-03,58.1923076923077,black
2023-09-10,58.1923076923077,black
2023-09-17,58.1923076923077,black
2023-09-24,58.1923076923077,black
2023-10-01,58.1923076923077,black
2023-10-08,58.1923076923077,black
2023-10-15,58.1923076923077,black
2023-10-22,58.1923076923077,black
2023-10-29,58.1923076923077,black
2023-11-05,58.1923076923077,black
2023-11-12,58.1923076923077,black
2023-11-19,58.1923076923077,black
2023-11-26,58.1923076923077,black
2018-12-02,,white
2018-12-09,,white
2018-12-16,,white
2018-12-23,,white
2018-12-30,,white
2019-01-06,,white
2019-01-13,,white
2019-01-20,,white
2019-01-27,,white
2019-02-03,,white
2019-02-10,,white
2019-02-17,,white
2019-02-24,,white
2019-03-03,,white
2019-03-10,,white
2019-03-17,,white
2019-03-24,,white
2019-03-31,,white
2019-04-07,,white
2019-04-14,,white
2019-04-21,,white
2019-04-28,,white
2019-05-05,,white
2019-05-12,,white
2019-05-19,,white
2019-05-26,,white
2019-06-02,34.25961538461538,white
2019-06-09,34.41346153846154,white
2019-06-16,34.53846153846154,white
2019-06-23,34.61538461538462,white
2019-06-30,34.72115384615385,white
2019-07-07,34.83653846153845,white
2019-07-14,34.94230769230768,white
2019-07-21,35.067307692307686,white
2019-07-28,35.201923076923066,white
2019-08-04,35.28846153846153,white
2019-08-11,35.34615384615384,white
2019-08-18,35.43269230769231,white
2019-08-25,35.519230769230774,white
2019-09-01,35.59615384615385,white
2019-09-08,35.59615384615384,white
2019-09-15,35.45192307692307,white
2019-09-22,35.29807692307692,white
2019-09-29,35.23076923076922,white
2019-10-06,35.230769230769226,white
2019-10-13,35.29807692307693,white
2019-10-20,35.39423076923077,white
2019-10-27,35.45192307692308,white
2019-11-03,35.44230769230769,white
2019-11-10,35.42307692307692,white
2019-11-17,35.46153846153846,white
2019-11-24,35.49038461538461,white
2019-12-01,35.442307692307686,white
2019-12-08,35.40384615384615,white
2019-12-15,35.35576923076923,white
2019-12-22,35.28846153846155,white
2019-12-29,35.25000000000001,white
2020-01-05,35.24038461538461,white
2020-01-12,35.278846153846146,white
2020-01-19,35.34615384615384,white
2020-01-26,35.413461538461526,white
2020-02-02,35.45192307692307,white
2020-02-09,35.46153846153846,white
2020-02-16,35.5,white
2020-02-23,35.56730769230769,white
2020-03-01,35.625,white
2020-03-08,35.730769230769226,white
2020-03-15,35.89423076923077,white
2020-03-22,36.04807692307692,white
2020-03-29,36.15384615384615,white
2020-04-05,36.25,white
2020-04-12,36.375,white
2020-04-19,36.480769230769226,white
2020-04-26,36.54807692307693,white
2020-05-03,36.61538461538462,white
2020-05-10,36.74038461538462,white
2020-05-17,36.87500000000001,white
2020-05-24,36.97115384615385,white
2020-05-31,37.06730769230769,white
2020-06-07,37.13461538461539,white
2020-06-14,37.20192307692308,white
2020-06-21,37.26923076923077,white
2020-06-28,37.33653846153847,white
2020-07-05,37.43269230769231,white
2020-07-12,37.52884615384615,white
2020-07-19,37.64423076923077,white
2020-07-26,37.77884615384615,white
2020-08-02,37.90384615384615,white
2020-08-09,38.028846153846146,white
2020-08-16,38.11538461538461,white
2020-08-23,38.24038461538462,white
2020-08-30,38.442307692307686,white
2020-09-06,38.6923076923077,white
2020-09-13,39.03846153846154,white
2020-09-20,39.39423076923077,white
2020-09-27,39.70192307692308,white
2020-10-04,39.932692307692314,white
2020-10-11,40.096153846153854,white
2020-10-18,40.25,white
2020-10-25,40.41346153846155,white
2020-11-01,40.5673076923077,white
2020-11-08,40.71153846153847,white
2020-11-15,40.82692307692308,white
2020-11-22,40.93269230769232,white
2020-11-29,41.07692307692308,white
2020-12-06,41.1923076923077,white
2020-12-13,41.24038461538462,white
2020-12-20,41.27884615384616,white
2020-12-27,41.32692307692308,white
2021-01-03,41.39423076923077,white
2021-01-10,41.49999999999999,white
2021-01-17,41.59615384615384,white
2021-01-24,41.66346153846153,white
2021-01-31,41.75,white
2021-02-07,41.88461538461539,white
2021-02-14,42.00000000000001,white
2021-02-21,42.07692307692309,white
2021-02-28,42.16346153846155,white
2021-03-07,42.259615384615394,white
2021-03-14,42.33653846153846,white
2021-03-21,42.38461538461538,white
2021-03-28,42.49038461538461,white
2021-04-04,42.66346153846154,white
2021-04-11,42.84615384615385,white
2021-04-18,43.057692307692314,white
2021-04-25,43.25,white
2021-05-02,43.38461538461538,white
2021-05-09,43.49038461538462,white
2021-05-16,43.62500000000001,white
2021-05-23,43.75000000000001,white
2021-05-30,43.807692307692314,white
2021-06-06,43.91346153846154,white
2021-06-13,44.10576923076923,white
2021-06-20,44.31730769230769,white
2021-06-27,44.53846153846153,white
2021-07-04,44.77884615384616,white
2021-07-11,45.03846153846153,white
2021-07-18,45.269230769230774,white
2021-07-25,45.48076923076923,white
2021-08-01,45.74038461538462,white
2021-08-08,46.01923076923078,white
2021-08-15,46.3173076923077,white
2021-08-22,46.57692307692308,white
2021-08-29,46.75961538461538,white
2021-09-05,46.92307692307693,white
2021-09-12,47.08653846153847,white
2021-09-19,47.24038461538462,white
2021-09-26,47.39423076923078,white
2021-10-03,47.57692307692309,white
2021-10-10,47.75961538461539,white
2021-10-17,47.932692307692314,white
2021-10-24,48.14423076923077,white
2021-10-31,48.4423076923077,white
2021-11-07,48.75,white
2021-11-14,49.057692307692314,white
2021-11-21,49.34615384615385,white
2021-11-28,49.59615384615385,white
2021-12-05,49.87500000000001,white
2021-12-12,50.22115384615384,white
2021-12-19,50.57692307692307,white
2021-12-26,50.90384615384616,white
2022-01-02,51.25,white
2022-01-09,51.59615384615385,white
2022-01-16,51.97115384615385,white
2022-01-23,52.375,white
2022-01-30,52.769230769230774,white
2022-02-06,53.13461538461539,white
2022-02-13,53.50000000000001,white
2022-02-20,53.88461538461539,white
2022-02-27,54.25,white
2022-03-06,54.53846153846154,white
2022-03-13,54.80769230769231,white
2022-03-20,55.125,white
2022-03-27,55.40384615384616,white
2022-04-03,55.63461538461539,white
2022-04-10,55.855769230769226,white
2022-04-17,56.057692307692314,white
2022-04-24,56.25961538461539,white
2022-05-01,56.54807692307692,white
2022-05-08,56.86538461538463,white
2022-05-15,57.11538461538461,white
2022-05-22,57.33653846153846,white
2022-05-29,57.54807692307692,white
2022-06-05,57.769230769230774,white
2022-06-12,58.019230769230774,white
2022-06-19,58.298076923076934,white
2022-06-26,58.58653846153847,white
2022-07-03,58.84615384615385,white
2022-07-10,59.009615384615394,white
2022-07-17,59.11538461538462,white
2022-07-24,59.25000000000001,white
2022-07-31,59.394230769230774,white
2022-08-07,59.50000000000001,white
2022-08-14,59.5673076923077,white
2022-08-21,59.60576923076923,white
2022-08-28,59.644230769230774,white
2022-09-04,59.75000000000001,white
2022-09-11,59.90384615384617,white
2022-09-18,60.06730769230771,white
2022-09-25,60.221153846153854,white
2022-10-02,60.36538461538461,white
2022-10-09,60.50961538461538,white
2022-10-16,60.62499999999999,white
2022-10-23,60.71153846153846,white
2022-10-30,60.778846153846146,white
2022-11-06,60.84615384615385,white
2022-11-13,60.91346153846154,white
2022-11-20,60.97115384615384,white
2022-11-27,60.97115384615383,white
2022-12-04,60.92307692307692,white
2022-12-11,60.90384615384615,white
2022-12-18,60.90384615384615,white
2022-12-25,60.89423076923077,white
2023-01-01,60.88461538461539,white
2023-01-08,60.80769230769231,white
2023-01-15,60.66346153846154,white
2023-01-22,60.51923076923077,white
2023-01-29,60.38461538461539,white
2023-02-05,60.25961538461538,white
2023-02-12,60.105769230769226,white
2023-02-19,59.92307692307693,white
2023-02-26,59.76923076923077,white
2023-03-05,59.65384615384616,white
2023-03-12,59.5,white
2023-03-19,59.30769230769231,white
2023-03-26,59.15384615384615,white
2023-04-02,59.00961538461539,white
2023-04-09,58.84615384615385,white
2023-04-16,58.66346153846155,white
2023-04-23,58.47115384615385,white
2023-04-30,58.24038461538463,white
2023-05-07,57.98076923076923,white
2023-05-14,57.74038461538461,white
2023-05-21,57.58653846153845,white
2023-05-28,57.52884615384615,white
2023-06-04,57.52884615384615,white
2023-06-11,57.52884615384615,white
2023-06-18,57.52884615384615,white
2023-06-25,57.52884615384615,white
2023-07-02,57.52884615384615,white
2023-07-09,57.52884615384615,white
2023-07-16,57.52884615384615,white
2023-07-23,57.52884615384615,white
2023-07-30,57.52884615384615,white
2023-08-06,57.52884615384615,white
2023-08-13,57.52884615384615,white
2023-08-20,57.52884615384615,white
2023-08-27,57.52884615384615,white
2023-09-03,57.52884615384615,white
2023-09-10,57.52884615384615,white
2023-09-17,57.52884615384615,white
2023-09-24,57.52884615384615,white
2023-10-01,57.52884615384615,white
2023-10-08,57.52884615384615,white
2023-10-15,57.52884615384615,white
2023-10-22,57.52884615384615,white
2023-10-29,57.52884615384615,white
2023-11-05,57.52884615384615,white
2023-11-12,57.52884615384615,white
2023-11-19,57.52884615384615,white
2023-11-26,57.52884615384615,white
2018-12-02,,green
2018-12-09,,green
2018-12-16,,green
2018-12-23,,green
2018-12-30,,green
2019-01-06,,green
2019-01-13,,green
2019-01-20,,green
2019-01-27,,green
2019-02-03,,green
2019-02-10,,green
2019-02-17,,green
2019-02-24,,green
2019-03-03,,green
2019-03-10,,green
2019-03-17,,green
2019-03-24,,green
2019-03-31,,green
2019-04-07,,green
2019-04-14,,green
2019-04-21,,green
2019-04-28,,green
2019-05-05,,green
2019-05-12,,green
2019-05-19,,green
2019-05-26,,green
2019-06-02,14.93269230769231,green
2019-06-09,14.971153846153848,green
2019-06-16,15.000000000000002,green
2019-06-23,15.048076923076923,green
2019-06-30,15.096153846153847,green
2019-07-07,15.14423076923077,green
2019-07-14,15.201923076923077,green
2019-07-21,15.259615384615387,green
2019-07-28,15.336538461538463,green
2019-08-04,15.39423076923077,green
2019-08-11,15.442307692307695,green
2019-08-18,15.509615384615387,green
2019-08-25,15.548076923076927,green
2019-09-01,15.576923076923078,green
2019-09-08,15.576923076923078,green
2019-09-15,15.528846153846155,green
2019-09-22,15.480769230769232,green
2019-09-29,15.432692307692307,green
2019-10-06,15.413461538461537,green
2019-10-13,15.432692307692308,green
2019-10-20,15.46153846153846,green
2019-10-27,15.500000000000002,green
2019-11-03,15.509615384615387,green
2019-11-10,15.519230769230772,green
2019-11-17,15.55769230769231,green
2019-11-24,15.605769230769234,green
2019-12-01,15.68269230769231,green
2019-12-08,15.76923076923077,green
2019-12-15,15.846153846153848,green
2019-12-22,15.903846153846155,green
2019-12-29,15.971153846153847,green
2020-01-05,16.067307692307693,green
2020-01-12,16.14423076923077,green
2020-01-19,16.221153846153847,green
2020-01-26,16.30769230769231,green
2020-02-02,16.432692307692307,green
2020-02-09,16.567307692307693,green
2020-02-16,16.653846153846153,green
2020-02-23,16.75,green
2020-03-01,16.85576923076923,green
2020-03-08,16.971153846153843,green
2020-03-15,17.096153846153847,green
2020-03-22,17.201923076923073,green
2020-03-29,17.278846153846153,green
2020-04-05,17.35576923076923,green
2020-04-12,17.471153846153843,green
2020-04-19,17.586538461538463,green
2020-04-26,17.68269230769231,green
2020-05-03,17.778846153846153,green
2020-05-10,17.875,green
2020-05-17,17.96153846153846,green
2020-05-24,18.048076923076916,green
2020-05-31,18.124999999999996,green
2020-06-07,18.192307692307686,green
2020-06-14,18.269230769230766,green
2020-06-21,18.298076923076923,green
2020-06-28,18.298076923076923,green
2020-07-05,18.317307692307693,green
2020-07-12,18.365384615384617,green
2020-07-19,18.461538461538463,green
2020-07-26,18.548076923076923,green
2020-08-02,18.60576923076923,green
2020-08-09,18.66346153846154,green
2020-08-16,18.73076923076923,green
2020-08-23,18.826923076923077,green
2020-08-30,18.923076923076923,green
2020-09-06,19.02884615384615,green
2020-09-13,19.182692307692307,green
2020-09-20,19.35576923076923,green
2020-09-27,19.528846153846153,green
2020-10-04,19.66346153846154,green
2020-10-11,19.77884615384615,green
2020-10-18,19.89423076923077,green
2020-10-25,19.98076923076923,green
2020-11-01,20.048076923076923,green
2020-11-08,20.10576923076923,green
2020-11-15,20.173076923076916,green
2020-11-22,20.249999999999996,green
2020-11-29,20.307692307692307,green
2020-12-06,20.35576923076923,green
2020-12-13,20.403846153846157,green
2020-12-20,20.461538461538463,green
2020-12-27,20.51923076923077,green
2021-01-03,20.57692307692308,green
2021-01-10,20.66346153846154,green
2021-01-17,20.750000000000004,green
2021-01-24,20.826923076923077,green
2021-01-31,20.865384615384613,green
2021-02-07,20.90384615384615,green
2021-02-14,20.971153846153843,green
2021-02-21,21.038461538461533,green
2021-02-28,21.115384615384613,green
2021-03-07,21.182692307692303,green
2021-03-14,21.249999999999996,green
2021-03-21,21.307692307692307,green
2021-03-28,21.384615384615383,green
2021-04-04,21.499999999999996,green
2021-04-11,21.596153846153843,green
2021-04-18,21.68269230769231,green
2021-04-25,21.759615384615387,green
2021-05-02,21.836538461538463,green
2021-05-09,21.942307692307693,green
2021-05-16,22.048076923076927,green
2021-05-23,22.125,green
2021-05-30,22.19230769230769,green
2021-06-06,22.29807692307692,green
2021-06-13,22.42307692307692,green
2021-06-20,22.557692307692307,green
2021-06-27,22.730769230769226,green
2021-07-04,22.923076923076923,green
2021-07-11,23.10576923076923,green
2021-07-18,23.240384615384617,green
2021-07-25,23.355769230769234,green
2021-08-01,23.509615384615387,green
2021-08-08,23.66346153846154,green
2021-08-15,23.798076923076927,green
2021-08-22,23.923076923076927,green
2021-08-29,24.057692307692317,green
2021-09-05,24.221153846153854,green
2021-09-12,24.38461538461539,green
2021-09-19,24.54807692307693,green
2021-09-26,24.730769230769234,green
2021-10-03,24.923076923076927,green
2021-10-10,25.08653846153846,green
2021-10-17,25.240384615384617,green
2021-10-24,25.423076923076923,green
2021-10-31,25.634615384615387,green
2021-11-07,25.836538461538467,green
2021-11-14,26.000000000000007,green
2021-11-21,26.13461538461539,green
2021-11-28,26.25961538461539,green
2021-12-05,26.403846153846153,green
2021-12-12,26.567307692307693,green
2021-12-19,26.721153846153847,green
2021-12-26,26.86538461538462,green
2022-01-02,27.009615384615387,green
2022-01-09,27.134615384615387,green
2022-01-16,27.240384615384617,green
2022-01-23,27.346153846153847,green
2022-01-30,27.471153846153847,green
2022-02-06,27.59615384615385,green
2022-02-13,27.721153846153847,green
2022-02-20,27.836538461538463,green
2022-02-27,27.93269230769231,green
2022-03-06,28.028846153846153,green
2022-03-13,28.115384615384617,green
2022-03-20,28.22115384615385,green
2022-03-27,28.336538461538463,green
2022-04-03,28.41346153846154,green
2022-04-10,28.480769230769234,green
2022-04-17,28.557692307692307,green
2022-04-24,28.653846153846153,green
2022-05-01,28.759615384615387,green
2022-05-08,28.836538461538463,green
2022-05-15,28.91346153846154,green
2022-05-22,29.009615384615383,green
2022-05-29,29.096153846153847,green
2022-06-05,29.173076923076927,green
2022-06-12,29.259615384615387,green
2022-06-19,29.36538461538462,green
2022-06-26,29.480769230769237,green
2022-07-03,29.56730769230769,green
2022-07-10,29.596153846153847,green
2022-07-17,29.634615384615387,green
2022-07-24,29.711538461538463,green
2022-07-31,29.807692307692307,green
2022-08-07,29.884615384615387,green
2022-08-14,29.91346153846154,green
2022-08-21,29.951923076923077,green
2022-08-28,29.990384615384613,green
2022-09-04,30.028846153846153,green
2022-09-11,30.076923076923073,green
2022-09-18,30.09615384615385,green
2022-09-25,30.096153846153847,green
2022-10-02,30.09615384615385,green
2022-10-09,30.125,green
2022-10-16,30.173076923076927,green
2022-10-23,30.20192307692308,green
2022-10-30,30.211538461538467,green
2022-11-06,30.230769230769234,green
2022-11-13,30.269230769230774,green
2022-11-20,30.307692307692314,green
2022-11-27,30.317307692307697,green
2022-12-04,30.298076923076927,green
2022-12-11,30.298076923076923,green
2022-12-18,30.326923076923077,green
2022-12-25,30.34615384615385,green
2023-01-01,30.365384615384613,green
2023-01-08,30.375000000000004,green
2023-01-15,30.365384615384617,green
2023-01-22,30.35576923076923,green
2023-01-29,30.32692307692308,green
2023-02-05,30.288461538461537,green
2023-02-12,30.25,green
2023-02-19,30.221153846153843,green
2023-02-26,30.21153846153846,green
2023-03-05,30.201923076923073,green
2023-03-12,30.192307692307693,green
2023-03-19,30.192307692307697,green
2023-03-26,30.173076923076927,green
2023-04-02,30.15384615384616,green
2023-04-09,30.153846153846157,green
2023-04-16,30.13461538461539,green
2023-04-23,30.115384615384617,green
2023-04-30,30.067307692307693,green
2023-05-07,30.019230769230766,green
2023-05-14,30.0,green
2023-05-21,29.990384615384617,green
2023-05-28,30.0,green
2023-06-04,30.0,green
2023-06-11,30.0,green
2023-06-18,30.0,green
2023-06-25,30.0,green
2023-07-02,30.0,green
2023-07-09,30.0,green
2023-07-16,30.0,green
2023-07-23,30.0,green
2023-07-30,30.0,green
2023-08-06,30.0,green
2023-08-13,30.0,green
2023-08-20,30.0,green
2023-08-27,30.0,green
2023-09-03,30.0,green
2023-09-10,30.0,green
2023-09-17,30.0,green
2023-09-24,30.0,green
2023-10-01,30.0,green
2023-10-08,30.0,green
2023-10-15,30.0,green
2023-10-22,30.0,green
2023-10-29,30.0,green
2023-11-05,30.0,green
2023-11-12,30.0,green
2023-11-19,30.0,green
2023-11-26,30.0,green
2018-12-02,,red
2018-12-09,,red
2018-12-16,,red
2018-12-23,,red
2018-12-30,,red
2019-01-06,,red
2019-01-13,,red
2019-01-20,,red
2019-01-27,,red
2019-02-03,,red
2019-02-10,,red
2019-02-17,,red
2019-02-24,,red
2019-03-03,,red
2019-03-10,,red
2019-03-17,,red
2019-03-24,,red
2019-03-31,,red
2019-04-07,,red
2019-04-14,,red
2019-04-21,,red
2019-04-28,,red
2019-05-05,,red
2019-05-12,,red
2019-05-19,,red
2019-05-26,,red
2019-06-02,19.67307692307692,red
2019-06-09,19.69230769230769,red
2019-06-16,19.740384615384617,red
2019-06-23,19.81730769230769,red
2019-06-30,19.865384615384613,red
2019-07-07,19.92307692307692,red
2019-07-14,19.98076923076923,red
2019-07-21,20.048076923076923,red
2019-07-28,20.134615384615383,red
2019-08-04,20.17307692307692,red
2019-08-11,20.201923076923077,red
2019-08-18,20.25,red
2019-08-25,20.259615384615383,red
2019-09-01,20.259615384615387,red
2019-09-08,20.250000000000004,red
2019-09-15,20.18269230769231,red
2019-09-22,20.125,red
2019-09-29,20.115384615384617,red
2019-10-06,20.134615384615387,red
2019-10-13,20.163461538461544,red
2019-10-20,20.201923076923077,red
2019-10-27,20.259615384615387,red
2019-11-03,20.307692307692307,red
2019-11-10,20.35576923076923,red
2019-11-17,20.403846153846153,red
2019-11-24,20.40384615384615,red
2019-12-01,20.35576923076923,red
2019-12-08,20.317307692307693,red
2019-12-15,20.30769230769231,red
2019-12-22,20.30769230769231,red
2019-12-29,20.346153846153847,red
2020-01-05,20.39423076923077,red
2020-01-12,20.42307692307692,red
2020-01-19,20.451923076923077,red
2020-01-26,20.461538461538463,red
2020-02-02,20.461538461538463,red
2020-02-09,20.42307692307693,red
2020-02-16,20.384615384615387,red
2020-02-23,20.403846153846153,red
2020-03-01,20.442307692307697,red
2020-03-08,20.451923076923077,red
2020-03-15,20.490384615384613,red
2020-03-22,20.548076923076923,red
2020-03-29,20.576923076923077,red
2020-04-05,20.624999999999996,red
2020-04-12,20.682692307692307,red
2020-04-19,20.70192307692308,red
2020-04-26,20.673076923076923,red
2020-05-03,20.634615384615387,red
2020-05-10,20.615384615384617,red
2020-05-17,20.58653846153846,red
2020-05-24,20.528846153846157,red
2020-05-31,20.461538461538463,red
2020-06-07,20.403846153846153,red
2020-06-14,20.355769230769226,red
2020-06-21,20.33653846153846,red
2020-06-28,20.365384615384613,red
2020-07-05,20.365384615384617,red
2020-07-12,20.336538461538463,red
2020-07-19,20.317307692307697,red
2020-07-26,20.259615384615387,red
2020-08-02,20.201923076923077,red
2020-08-09,20.153846153846153,red
2020-08-16,20.10576923076923,red
2020-08-23,20.076923076923077,red
2020-08-30,20.038461538461537,red
2020-09-06,20.048076923076923,red
2020-09-13,20.20192307692308,red
2020-09-20,20.375,red
2020-09-27,20.471153846153847,red
2020-10-04,20.576923076923073,red
2020-10-11,20.69230769230769,red
2020-10-18,20.788461538461537,red
2020-10-25,20.836538461538463,red
2020-11-01,20.84615384615385,red
2020-11-08,20.84615384615385,red
2020-11-15,20.83653846153846,red
2020-11-22,20.865384615384617,red
2020-11-29,20.923076923076923,red
2020-12-06,20.942307692307697,red
2020-12-13,20.923076923076927,red
2020-12-20,20.903846153846157,red
2020-12-27,20.884615384615383,red
2021-01-03,20.85576923076923,red
2021-01-10,20.865384615384617,red
2021-01-17,20.91346153846154,red
2021-01-24,20.980769230769234,red
2021-01-31,21.057692307692307,red
2021-02-07,21.134615384615383,red
2021-02-14,21.192307692307693,red
2021-02-21,21.23076923076923,red
2021-02-28,21.278846153846153,red
2021-03-07,21.336538461538463,red
2021-03-14,21.336538461538467,red
2021-03-21,21.307692307692314,red
2021-03-28,21.336538461538463,red
2021-04-04,21.384615384615394,red
2021-04-11,21.471153846153847,red
2021-04-18,21.625,red
2021-04-25,21.788461538461537,red
2021-05-02,21.932692307692303,red
2021-05-09,22.076923076923077,red
2021-05-16,22.240384615384617,red
2021-05-23,22.41346153846154,red
2021-05-30,22.586538461538463,red
2021-06-06,22.76923076923077,red
2021-06-13,22.913461538461537,red
2021-06-20,23.009615384615383,red
2021-06-27,23.134615384615387,red
2021-07-04,23.3173076923077,red
2021-07-11,23.50961538461539,red
2021-07-18,23.663461538461544,red
2021-07-25,23.80769230769231,red
2021-08-01,23.95192307692308,red
2021-08-08,24.115384615384617,red
2021-08-15,24.32692307692308,red
2021-08-22,24.538461538461544,red
2021-08-29,24.750000000000004,red
2021-09-05,24.97115384615385,red
2021-09-12,25.134615384615383,red
2021-09-19,25.298076923076923,red
2021-09-26,25.51923076923077,red
2021-10-03,25.71153846153846,red
2021-10-10,25.88461538461539,red
2021-10-17,26.05769230769231,red
2021-10-24,26.22115384615385,red
2021-10-31,26.403846153846157,red
2021-11-07,26.615384615384613,red
2021-11-14,26.855769230769234,red
2021-11-21,27.04807692307693,red
2021-11-28,27.201923076923084,red
2021-12-05,27.38461538461539,red
2021-12-12,27.57692307692308,red
2021-12-19,27.76923076923077,red
2021-12-26,27.96153846153846,red
2022-01-02,28.182692307692303,red
2022-01-09,28.403846153846153,red
2022-01-16,28.605769230769234,red
2022-01-23,28.82692307692308,red
2022-01-30,29.048076923076927,red
2022-02-06,29.240384615384617,red
2022-02-13,29.432692307692307,red
2022-02-20,29.625,red
2022-02-27,29.79807692307692,red
2022-03-06,29.961538461538463,red
2022-03-13,30.134615384615387,red
2022-03-20,30.31730769230769,red
2022-03-27,30.45192307692308,red
2022-04-03,30.59615384615385,red
2022-04-10,30.730769230769234,red
2022-04-17,30.82692307692308,red
2022-04-24,30.942307692307693,red
2022-05-01,31.096153846153847,red
2022-05-08,31.259615384615383,red
2022-05-15,31.38461538461539,red
2022-05-22,31.538461538461544,red
2022-05-29,31.68269230769231,red
2022-06-05,31.798076923076923,red
2022-06-12,31.96153846153846,red
2022-06-19,32.13461538461538,red
2022-06-26,32.27884615384615,red
2022-07-03,32.36538461538462,red
2022-07-10,32.42307692307693,red
2022-07-17,32.48076923076923,red
2022-07-24,32.557692307692314,red
2022-07-31,32.69230769230769,red
2022-08-07,32.80769230769231,red
2022-08-14,32.894230769230774,red
2022-08-21,33.00000000000001,red
2022-08-28,33.06730769230769,red
2022-09-04,33.11538461538462,red
2022-09-11,33.19230769230769,red
2022-09-18,33.259615384615394,red
2022-09-25,33.26923076923077,red
2022-10-02,33.27884615384615,red
2022-10-09,33.3076923076923,red
2022-10-16,33.32692307692308,red
2022-10-23,33.384615384615394,red
2022-10-30,33.46153846153846,red
2022-11-06,33.51923076923077,red
2022-11-13,33.57692307692307,red
2022-11-20,33.66346153846154,red
2022-11-27,33.74038461538461,red
2022-12-04,33.77884615384615,red
2022-12-11,33.81730769230769,red
2022-12-18,33.86538461538461,red
2022-12-25,33.91346153846153,red
2023-01-01,33.942307692307686,red
2023-01-08,33.96153846153846,red
2023-01-15,33.97115384615385,red
2023-01-22,33.932692307692314,red
2023-01-29,33.894230769230774,red
2023-02-05,33.91346153846154,red
2023-02-12,33.932692307692314,red
2023-02-19,33.894230769230774,red
2023-02-26,33.84615384615386,red
2023-03-05,33.85576923076924,red
2023-03-12,33.83653846153846,red
2023-03-19,33.75,red
2023-03-26,33.682692307692314,red
2023-04-02,33.61538461538461,red
2023-04-09,33.56730769230769,red
2023-04-16,33.5,red
2023-04-23,33.394230769230774,red
2023-04-30,33.28846153846155,red
2023-05-07,33.19230769230769,red
2023-05-14,33.14423076923077,red
2023-05-21,33.0576923076923,red
2023-05-28,32.95192307692307,red
2023-06-04,32.95192307692307,red
2023-06-11,32.95192307692307,red
2023-06-18,32.95192307692307,red
2023-06-25,32.95192307692307,red
2023-07-02,32.95192307692307,red
2023-07-09,32.95192307692307,red
2023-07-16,32.95192307692307,red
2023-07-23,32.95192307692307,red
2023-07-30,32.95192307692307,red
2023-08-06,32.95192307692307,red
2023-08-13,32.95192307692307,red
2023-08-20,32.95192307692307,red
2023-08-27,32.95192307692307,red
2023-09-03,32.95192307692307,red
2023-09-10,32.95192307692307,red
2023-09-17,32.95192307692307,red
2023-09-24,32.95192307692307,red
2023-10-01,32.95192307692307,red
2023-10-08,32.95192307692307,red
2023-10-15,32.95192307692307,red
2023-10-22,32.95192307692307,red
2023-10-29,32.95192307692307,red
2023-11-05,32.95192307692307,red
2023-11-12,32.95192307692307,red
2023-11-19,32.95192307692307,red
2023-11-26,32.95192307692307,red
2018-12-02,,blue
2018-12-09,,blue
2018-12-16,,blue
2018-12-23,,blue
2018-12-30,,blue
2019-01-06,,blue
2019-01-13,,blue
2019-01-20,,blue
2019-01-27,,blue
2019-02-03,,blue
2019-02-10,,blue
2019-02-17,,blue
2019-02-24,,blue
2019-03-03,,blue
2019-03-10,,blue
2019-03-17,,blue
2019-03-24,,blue
2019-03-31,,blue
2019-04-07,,blue
2019-04-14,,blue
2019-04-21,,blue
2019-04-28,,blue
2019-05-05,,blue
2019-05-12,,blue
2019-05-19,,blue
2019-05-26,,blue
2019-06-02,19.88461538461538,blue
2019-06-09,19.923076923076916,blue
2019-06-16,19.971153846153843,blue
2019-06-23,20.009615384615383,blue
2019-06-30,20.048076923076923,blue
2019-07-07,20.10576923076923,blue
2019-07-14,20.173076923076923,blue
2019-07-21,20.25,blue
2019-07-28,20.326923076923077,blue
2019-08-04,20.403846153846153,blue
2019-08-11,20.471153846153847,blue
2019-08-18,20.51923076923077,blue
2019-08-25,20.567307692307693,blue
2019-09-01,20.64423076923077,blue
2019-09-08,20.663461538461537,blue
2019-09-15,20.58653846153846,blue
2019-09-22,20.51923076923077,blue
2019-09-29,20.47115384615385,blue
2019-10-06,20.45192307692308,blue
2019-10-13,20.48076923076923,blue
2019-10-20,20.509615384615383,blue
2019-10-27,20.509615384615387,blue
2019-11-03,20.480769230769237,blue
2019-11-10,20.45192307692308,blue
2019-11-17,20.442307692307693,blue
2019-11-24,20.451923076923073,blue
2019-12-01,20.46153846153846,blue
2019-12-08,20.480769230769226,blue
2019-12-15,20.48076923076923,blue
2019-12-22,20.451923076923077,blue
2019-12-29,20.451923076923077,blue
2020-01-05,20.480769230769234,blue
2020-01-12,20.500000000000004,blue
2020-01-19,20.528846153846153,blue
2020-01-26,20.53846153846154,blue
2020-02-02,20.528846153846157,blue
2020-02-09,20.548076923076923,blue
2020-02-16,20.567307692307693,blue
2020-02-23,20.576923076923077,blue
2020-03-01,20.60576923076923,blue
2020-03-08,20.663461538461544,blue
2020-03-15,20.730769230769237,blue
2020-03-22,20.798076923076927,blue
2020-03-29,20.846153846153847,blue
2020-04-05,20.903846153846157,blue
2020-04-12,20.971153846153843,blue
2020-04-19,21.01923076923077,blue
2020-04-26,21.067307692307693,blue
2020-05-03,21.09615384615385,blue
2020-05-10,21.10576923076923,blue
2020-05-17,21.134615384615383,blue
2020-05-24,21.16346153846154,blue
2020-05-31,21.182692307692307,blue
2020-06-07,21.20192307692308,blue
2020-06-14,21.201923076923077,blue
2020-06-21,21.182692307692307,blue
2020-06-28,21.173076923076923,blue
2020-07-05,21.173076923076923,blue
2020-07-12,21.16346153846154,blue
2020-07-19,21.173076923076923,blue
2020-07-26,21.18269230769231,blue
2020-08-02,21.173076923076923,blue
2020-08-09,21.16346153846154,blue
2020-08-16,21.153846153846153,blue
2020-08-23,21.173076923076923,blue
2020-08-30,21.201923076923073,blue
2020-09-06,21.278846153846153,blue
2020-09-13,21.413461538461537,blue
2020-09-20,21.528846153846157,blue
2020-09-27,21.634615384615387,blue
2020-10-04,21.71153846153846,blue
2020-10-11,21.75961538461538,blue
2020-10-18,21.826923076923077,blue
2020-10-25,21.89423076923077,blue
2020-11-01,21.932692307692307,blue
2020-11-08,21.961538461538463,blue
2020-11-15,22.009615384615387,blue
2020-11-22,22.057692307692307,blue
2020-11-29,22.096153846153843,blue
2020-12-06,22.115384615384613,blue
2020-12-13,22.115384615384613,blue
2020-12-20,22.124999999999996,blue
2020-12-27,22.134615384615387,blue
2021-01-03,22.125,blue
2021-01-10,22.134615384615387,blue
2021-01-17,22.16346153846154,blue
2021-01-24,22.18269230769231,blue
2021-01-31,22.182692307692314,blue
2021-02-07,22.192307692307697,blue
2021-02-14,22.211538461538463,blue
2021-02-21,22.23076923076923,blue
2021-02-28,22.249999999999996,blue
2021-03-07,22.24038461538461,blue
2021-03-14,22.221153846153843,blue
2021-03-21,22.182692307692307,blue
2021-03-28,22.16346153846154,blue
2021-04-04,22.173076923076927,blue
2021-04-11,22.20192307692308,blue
2021-04-18,22.278846153846157,blue
2021-04-25,22.34615384615385,blue
2021-05-02,22.41346153846154,blue
2021-05-09,22.509615384615387,blue
2021-05-16,22.586538461538467,blue
2021-05-23,22.64423076923077,blue
2021-05-30,22.682692307692307,blue
2021-06-06,22.711538461538467,blue
2021-06-13,22.759615384615383,blue
2021-06-20,22.817307692307693,blue
2021-06-27,22.89423076923077,blue
2021-07-04,23.01923076923077,blue
2021-07-11,23.14423076923077,blue
2021-07-18,23.221153846153847,blue
2021-07-25,23.30769230769231,blue
2021-08-01,23.423076923076923,blue
2021-08-08,23.548076923076923,blue
2021-08-15,23.682692307692314,blue
2021-08-22,23.80769230769231,blue
2021-08-29,23.923076923076927,blue
2021-09-05,24.02884615384616,blue
2021-09-12,24.153846153846157,blue
2021-09-19,24.30769230769231,blue
2021-09-26,24.45192307692308,blue
2021-10-03,24.605769230769234,blue
2021-10-10,24.759615384615383,blue
2021-10-17,24.903846153846153,blue
2021-10-24,25.05769230769231,blue
2021-10-31,25.211538461538463,blue
2021-11-07,25.355769230769234,blue
2021-11-14,25.49038461538462,blue
2021-11-21,25.615384615384617,blue
2021-11-28,25.73076923076923,blue
2021-12-05,25.865384615384617,blue
2021-12-12,26.019230769230766,blue
2021-12-19,26.173076923076923,blue
2021-12-26,26.317307692307693,blue
2022-01-02,26.461538461538463,blue
2022-01-09,26.625,blue
2022-01-16,26.78846153846154,blue
2022-01-23,26.961538461538463,blue
2022-01-30,27.16346153846154,blue
2022-02-06,27.355769230769237,blue
2022-02-13,27.51923076923077,blue
2022-02-20,27.682692307692314,blue
2022-02-27,27.846153846153847,blue
2022-03-06,28.009615384615383,blue
2022-03-13,28.173076923076927,blue
2022-03-20,28.346153846153847,blue
2022-03-27,28.528846153846157,blue
2022-04-03,28.682692307692314,blue
2022-04-10,28.80769230769231,blue
2022-04-17,28.90384615384616,blue
2022-04-24,29.0,blue
2022-05-01,29.105769230769234,blue
2022-05-08,29.192307692307693,blue
2022-05-15,29.278846153846157,blue
2022-05-22,29.375,blue
2022-05-29,29.5,blue
2022-06-05,29.644230769230774,blue
2022-06-12,29.78846153846154,blue
2022-06-19,29.932692307692314,blue
2022-06-26,30.11538461538462,blue
2022-07-03,30.288461538461544,blue
2022-07-10,30.40384615384616,blue
2022-07-17,30.52884615384616,blue
2022-07-24,30.65384615384616,blue
2022-07-31,30.778846153846153,blue
2022-08-07,30.89423076923077,blue
2022-08-14,30.98076923076923,blue
2022-08-21,31.02884615384616,blue
2022-08-28,31.067307692307697,blue
2022-09-04,31.11538461538462,blue
2022-09-11,31.16346153846154,blue
2022-09-18,31.221153846153847,blue
2022-09-25,31.25961538461539,blue
2022-10-02,31.30769230769231,blue
2022-10-09,31.375000000000004,blue
2022-10-16,31.423076923076927,blue
2022-10-23,31.471153846153847,blue
2022-10-30,31.53846153846154,blue
2022-11-06,31.60576923076923,blue
2022-11-13,31.65384615384615,blue
2022-11-20,31.682692307692307,blue
2022-11-27,31.71153846153846,blue
2022-12-04,31.730769230769234,blue
2022-12-11,31.759615384615383,blue
2022-12-18,31.80769230769231,blue
2022-12-25,31.84615384615385,blue
2023-01-01,31.90384615384616,blue
2023-01-08,31.942307692307697,blue
2023-01-15,31.9423076923077,blue
2023-01-22,31.91346153846154,blue
2023-01-29,31.865384615384617,blue
2023-02-05,31.82692307692308,blue
2023-02-12,31.8173076923077,blue
2023-02-19,31.817307692307697,blue
2023-02-26,31.95192307692308,blue
2023-03-05,32.08653846153846,blue
2023-03-12,32.06730769230769,blue
2023-03-19,32.05769230769231,blue
2023-03-26,32.03846153846154,blue
2023-04-02,32.019230769230774,blue
2023-04-09,32.00961538461539,blue
2023-04-16,31.980769230769234,blue
2023-04-23,31.961538461538463,blue
2023-04-30,31.961538461538467,blue
2023-05-07,31.961538461538463,blue
2023-05-14,31.961538461538467,blue
2023-05-21,31.990384615384617,blue
2023-05-28,32.019230769230774,blue
2023-06-04,32.019230769230774,blue
2023-06-11,32.019230769230774,blue
2023-06-18,32.019230769230774,blue
2023-06-25,32.019230769230774,blue
2023-07-02,32.019230769230774,blue
2023-07-09,32.019230769230774,blue
2023-07-16,32.019230769230774,blue
2023-07-23,32.019230769230774,blue
2023-07-30,32.019230769230774,blue
2023-08-06,32.019230769230774,blue
2023-08-13,32.019230769230774,blue
2023-08-20,32.019230769230774,blue
2023-08-27,32.019230769230774,blue
2023-09-03,32.019230769230774,blue
2023-09-10,32.019230769230774,blue
2023-09-17,32.019230769230774,blue
2023-09-24,32.019230769230774,blue
2023-10-01,32.019230769230774,blue
2023-10-08,32.019230769230774,blue
2023-10-15,32.019230769230774,blue
2023-10-22,32.019230769230774,blue
2023-10-29,32.019230769230774,blue
2023-11-05,32.019230769230774,blue
2023-11-12,32.019230769230774,blue
2023-11-19,32.019230769230774,blue
2023-11-26,32.019230769230774,blue
2023-11-12,29.66513692921259,blue
2023-11-19,29.35535236595311,blue
2023-11-26,29.068768134947263,blue
2023-12-03,28.803646720900495,blue
2023-12-10,28.55838073421499,blue
2023-12-17,28.331483165638335,blue
2023-11-12,30.75748557125617,red
2023-11-19,30.52695841530026,red
2023-11-26,30.30782601188663,red
2023-12-03,30.099525128519037,red
2023-12-10,29.90152037278322,red
2023-12-17,29.713302816236357,red
2023-11-12,28.900491135122493,green
2023-11-19,28.803504100738294,green
2023-11-26,28.708974986671716,green
2023-12-03,28.616841502408093,green
2023-12-10,28.52704293604708,green
2023-12-17,28.439520114296194,green
2023-11-12,48.01061346530574,white
2023-11-19,48.02093894776123,white
2023-11-26,48.03098426141398,white
2023-12-03,48.040757008287265,white
2023-12-10,48.05026458413316,white
2023-12-17,48.05951418402944,white
2023-11-12,54.610987647064555,black
2023-11-19,54.24445709278901,black
2023-11-26,53.89910906925252,black
2023-12-03,53.573719395815075,black
2023-12-10,53.26713463967404,black
2023-12-17,52.97826802720569,black
2023-11-12,1.5922287219413105,purple
2023-11-19,2.133802511388101,purple
2023-11-26,2.6290540224163395,purple
2023-12-03,3.081945325421046,purple
2023-12-10,3.496099604145913,purple
2023-12-17,3.874830141579821,purple
2023-11-12,28.132787245581795,brown
2023-11-19,27.355478666341735,brown
2023-11-26,26.658753872706118,brown
2023-12-03,26.03425872234875,brown
2023-12-10,25.474505149083726,brown
2023-12-17,24.97278137652334,brown
2023-11-12,51.730935522886746,pink
2023-11-19,51.476918221381645,pink
2023-11-26,51.23710659646479,pink
2023-12-03,51.0107062091506,pink
2023-12-10,50.79696704870002,pink
2023-12-17,50.59518104801302,pink
2023-11-12,51.825363938332536,yellow
2023-11-19,51.68131938207853,yellow
2023-11-26,51.56250752851117,yellow
2023-12-03,51.46450829191927,yellow
2023-12-10,51.38367586582511,yellow
2023-12-17,51.31700309024546,yellow
2023-11-12,55.98605314732226,gray
2023-11-19,54.265496979974195,gray
2023-11-26,52.79559050202349,gray
2023-12-03,51.539819202646676,gray
2023-12-10,50.466987985155164,gray
2023-12-17,49.55044623762876,gray
